index,Duration (in seconds),Finished,Consent1,Consent2,Consent3,Demo_age,Demo_gender,Q1_ADD1,Timing1_ADD1_First Click,Timing1_ADD1_Last Click,Timing1_ADD1_Page Submit,Timing1_ADD1_Click Count,Q2_ADD1,Timing2_ADD1_First Click,Timing2_ADD1_Last Click,Timing2_ADD1_Page Submit,Timing2_ADD1_Click Count,Q1_ADD2,Timing1_ADD2_First Click,Timing1_ADD2_Last Click,Timing1_ADD2_Page Submit,Timing1_ADD2_Click Count,Q2_ADD2,Timing2_ADD2_First Click,Timing2_ADD2_Last Click,Timing2_ADD2_Page Submit,Timing2_ADD2_Click Count,Q1_ADD3,Timing1_ADD3_First Click,Timing1_ADD3_Last Click,Timing1_ADD3_Page Submit,Timing1_ADD3_Click Count,Q2_ADD3,Timing2_ADD3_First Click,Timing2_ADD3_Last Click,Timing2_ADD3_Page Submit,Timing2_ADD3_Click Count,Q1_ADD4,Timing1_ADD4_First Click,Timing1_ADD4_Last Click,Timing1_ADD4_Page Submit,Timing1_ADD4_Click Count,AttCheck1_ADD,Q2_ADD4,Timing2_ADD4_First Click,Timing2_ADD4_Last Click,Timing2_ADD4_Page Submit,Timing2_ADD4_Click Count,Q1_ADD5,Timing1_ADD5_First Click,Timing1_ADD5_Last Click,Timing1_ADD5_Page Submit,Timing1_ADD5_Click Count,Q2_ADD5,Timing2_ADD5_First Click,Timing2_ADD5_Last Click,Timing2_ADD5_Page Submit,Timing2_ADD5_Click Count,Q1_ADD6,Timing1_ADD6_First Click,Timing1_ADD6_Last Click,Timing1_ADD6_Page Submit,Timing1_ADD6_Click Count,Q2_ADD6,Timing2_ADD6_First Click,Timing2_ADD6_Last Click,Timing2_ADD6_Page Submit,Timing2_ADD6_Click Count,Q1_LMS1,Timing1_LMS1_First Click,Timing1_LMS1_Last Click,Timing1_LMS1_Page Submit,Timing1_LMS1_Click Count,Q2_LMS1,Timing2_LMS1_First Click,Timing2_LMS1_Last Click,Timing2_LMS1_Page Submit,Timing2_LMS1_Click Count,Q1_LMS2,Timing1_LMS2_First Click,Timing1_LMS2_Last Click,Timing1_LMS2_Page Submit,Timing1_LMS2_Click Count,Q2_LMS2,Timing2_LMS2_First Click,Timing2_LMS2_Last Click,Timing2_LMS2_Page Submit,Timing2_LMS2_Click Count,Q1_LMS3,Timing1_LMS3_First Click,Timing1_LMS3_Last Click,Timing1_LMS3_Page Submit,Timing1_LMS3_Click Count,Q2_LMS3,Timing2_LMS3_First Click,Timing2_LMS3_Last Click,Timing2_LMS3_Page Submit,Timing2_LMS3_Click Count,Q1_LMS4,Timing1_LMS4_First Click,Timing1_LMS4_Last Click,Timing1_LMS4_Page Submit,Timing1_LMS4_Click Count,AttCheck1_LMS,Q2_LMS4,Timing2_LMS4_First Click,Timing2_LMS4_Last Click,Timing2_LMS4_Page Submit,Timing2_LMS4_Click Count,Q1_LMS5,Timing1_LMS5_First Click,Timing1_LMS5_Last Click,Timing1_LMS5_Page Submit,Timing1_LMS5_Click Count,Q2_LMS5,Timing2_LMS5_First Click,Timing2_LMS5_Last Click,Timing2_LMS5_Page Submit,Timing2_LMS5_Click Count,Q1_LMS6,Timing1_LMS6_First Click,Timing1_LMS6_Last Click,Timing1_LMS6_Page Submit,Timing1_LMS6_Click Count,Q2_LMS6,Timing2_LMS6_First Click,Timing2_LMS6_Last Click,Timing2_LMS6_Page Submit,Timing2_LMS6_Click Count,Q1_APP1,Timing1_APP1_First Click,Timing1_APP1_Last Click,Timing1_APP1_Page Submit,Timing1_APP1_Click Count,Q2_APP1,Timing2_APP1_First Click,Timing2_APP1_Last Click,Timing2_APP1_Page Submit,Timing2_APP1_Click Count,Q1_APP2,Timing1_APP2_First Click,Timing1_APP2_Last Click,Timing1_APP2_Page Submit,Timing1_APP2_Click Count,Q2_APP2,Timing2_APP2_First Click,Timing2_APP2_Last Click,Timing2_APP2_Page Submit,Timing2_APP2_Click Count,Q1_APP3,Timing1_APP3_First Click,Timing1_APP3_Last Click,Timing1_APP3_Page Submit,Timing1_APP3_Click Count,Q2_APP3,Timing2_APP3_First Click,Timing2_APP3_Last Click,Timing2_APP3_Page Submit,Timing2_APP3_Click Count,Q1_APP4,Timing1_APP4_First Click,Timing1_APP4_Last Click,Timing1_APP4_Page Submit,Timing1_APP4_Click Count,AttCheck1_APP,Q2_APP4,Timing2_APP4_First Click,Timing2_APP4_Last Click,Timing2_APP4_Page Submit,Timing2_APP4_Click Count,Q1_APP5,Timing1_APP5_First Click,Timing1_APP5_Last Click,Timing1_APP5_Page Submit,Timing1_APP5_Click Count,Q2_APP5,Timing2_APP5_First Click,Timing2_APP5_Last Click,Timing2_APP5_Page Submit,Timing2_APP5_Click Count,Q1_APP6,Timing1_APP6_First Click,Timing1_APP6_Last Click,Timing1_APP6_Page Submit,Timing1_APP6_Click Count,Q2_APP6,Timing2_APP6_First Click,Timing2_APP6_Last Click,Timing2_APP6_Page Submit,Timing2_APP6_Click Count,subj_preobj_Q1,subj_preobj_Q2,Timing_subj_preobj_First Click,Timing_subj_preobj_Last Click,Timing_subj_preobj_Page Submit,Timing_subj_preobj_Click Count,modsim_ADD7,Timing_ADD7_First Click,Timing_ADD7_Last Click,Timing_ADD7_Page Submit,Timing_ADD7_Click Count,modsim_ADD8,Timing_ADD8_First Click,Timing_ADD8_Last Click,Timing_ADD8_Page Submit,Timing_ADD8_Click Count,countfac_ADD9,AttCheck2_ADD,Timing_ADD9_First Click,Timing_ADD9_Last Click,Timing_ADD9_Page Submit,Timing_ADD9_Click Count,countfac_ADD10,Timing_ADD10_First Click,Timing_ADD10_Last Click,Timing_ADD10_Page Submit,Timing_ADD10_Click Count,error_ADD11,Timing_ADD11_First Click,Timing_ADD11_Last Click,Timing_ADD11_Page Submit,Timing_ADD11_Click Count,error_ADD12,Timing_ADD12_First Click,Timing_ADD12_Last Click,Timing_ADD12_Page Submit,Timing_ADD12_Click Count,modsim_LMS7,Timing_LMS7_First Click,Timing_LMS7_Last Click,Timing_LMS7_Page Submit,Timing_LMS7_Click Count,modsim_LMS8,Timing_LMS8_First Click,Timing_LMS8_Last Click,Timing_LMS8_Page Submit,Timing_LMS8_Click Count,countfac_LMS9,AttCheck2_LMS,Timing_LMS9_First Click,Timing_LMS9_Last Click,Timing_LMS9_Page Submit,Timing_LMS9_Click Count,countfac_LMS10,Timing_LMS10_First Click,Timing_LMS10_Last Click,Timing_LMS10_Page Submit,Timing_LMS10_Click Count,error_LMS11,Timing_LMS11_First Click,Timing_LMS11_Last Click,Timing_LMS11_Page Submit,Timing_LMS11_Click Count,error_LMS12,Timing_LMS12_First Click,Timing_LMS12_Last Click,Timing_LMS12_Page Submit,Timing_LMS12_Click Count,modsim_APP7,Timing_APP7_First Click,Timing_APP7_Last Click,Timing_APP7_Page Submit,Timing_APP7_Click Count,modsim_APP8,Timing_APP8_First Click,Timing_APP8_Last Click,Timing_APP8_Page Submit,Timing_APP8_Click Count,countfac_APP9,AttCheck2_APP,Timing_APP9_First Click,Timing_APP9_Last Click,Timing_APP9_Page Submit,Timing_APP9_Click Count,countfac_APP10,Timing_APP10_First Click,Timing_APP10_Last Click,Timing_APP10_Page Submit,Timing_APP10_Click Count,error_APP11,Timing_APP11_First Click,Timing_APP11_Last Click,Timing_APP11_Page Submit,Timing_APP11_Click Count,error_APP12,Timing_APP12_First Click,Timing_APP12_Last Click,Timing_APP12_Page Submit,Timing_APP12_Click Count,Subj_postobj_Q1,Subj_postobj_Q2,Timing_subj_postobj_First Click,Timing_subj_postobj_Last Click,Timing_subj_postobj_Page Submit,Timing_subj_postobj_Click Count,timing_explain_ADD_First Click,timing_explain_ADD_Last Click,timing_explain_ADD_Page Submit,timing_explain_ADD_Click Count,timing_explain_LMS_First Click,timing_explain_LMS_Last Click,timing_explain_LMS_Page Submit,timing_explain_LMS_Click Count,timing_explain_APP_First Click,timing_explain_APP_Last Click,timing_explain_APP_Page Submit,timing_explain_APP_Click Count,Agg,Exp
15,461,1,1,1,1,1,2,6.0,2.977,32.002,32.45,36.0,5.0,0.848,3.05,3.73,5.0,5.0,0.0,0.0,0.324,0.0,4.0,0.375,3.146,5.86,4.0,5.0,0.339,13.972,15.076,8.0,4.0,0.48,4.8,5.554,6.0,4.0,0.669,1.867,2.578,3.0,4.0,2.0,0.351,7.543,8.075,7.0,5.0,0.505,4.565,5.205,6.0,7.0,0.424,5.538,6.233,10.0,5.0,0.755,1.839,2.705,2.0,4.0,0.549,3.525,5.515,3.0,,,,,,,,,,,,,,,,,,,,,,,,,,,,,,,,,,,,,,,,,,,,,,,,,,,,,,,,,,,,,,,,,,,,,,,,,,,,,,,,,,,,,,,,,,,,,,,,,,,,,,,,,,,,,,,,,,,,,,,,,,,5,6,1.984,6.579,11.093,4,6.0,3.468,5.486,6.791,4.0,6.0,0.843,1.747,2.804,3.0,2.0,2.0,0.757,12.271,12.881,7.0,3.0,0.637,12.91,13.465,6.0,1.0,1.188,5.721,7.275,3.0,1.0,1.595,3.263,5.692,3.0,,,,,,,,,,,,,,,,,,,,,,,,,,,,,,,,,,,,,,,,,,,,,,,,,,,,,,,,,,,,,,,5,5,5.628,8.747,16.101,6,2.001,44.433,59.376,20.0,,,,,,,,,ADD,Graph_expl
17,755,1,1,1,1,1,1,7.0,120.95,129.074,131.921,2.0,1.0,37.329,37.329,39.494,1.0,4.0,7.441,7.441,14.176,1.0,5.0,22.126,22.126,24.72,1.0,2.0,19.342,19.342,22.277,1.0,2.0,8.443,8.443,13.546,1.0,3.0,30.123,30.123,33.211,1.0,4.0,4.0,8.429,15.945,24.201,3.0,3.0,11.599,11.599,14.405,1.0,5.0,13.809,13.809,20.601,1.0,5.0,11.977,11.977,15.541,1.0,5.0,5.044,5.044,9.883,1.0,,,,,,,,,,,,,,,,,,,,,,,,,,,,,,,,,,,,,,,,,,,,,,,,,,,,,,,,,,,,,,,,,,,,,,,,,,,,,,,,,,,,,,,,,,,,,,,,,,,,,,,,,,,,,,,,,,,,,,,,,,,5,4,4.344,7.25,10.159,2,6.0,51.499,51.499,55.453,1.0,5.0,8.509,8.509,10.565,1.0,3.0,2.0,39.21,44.634,47.218,2.0,3.0,4.941,4.941,11.877,1.0,2.0,16.367,16.367,18.289,1.0,2.0,23.934,23.934,27.973,1.0,,,,,,,,,,,,,,,,,,,,,,,,,,,,,,,,,,,,,,,,,,,,,,,,,,,,,,,,,,,,,,,4,5,7.065,12.346,14.785,2,9.118,29.145,30.251,2.0,,,,,,,,,ADD,Graph_expl
18,599,1,1,1,1,1,2,3.0,47.248,47.248,49.008,1.0,3.0,12.861,12.861,14.243,1.0,5.0,16.837,16.837,17.979,1.0,5.0,1.767,1.767,24.209,1.0,5.0,0.914,7.9,9.001,2.0,5.0,2.716,2.716,11.173,1.0,7.0,2.764,2.764,5.822,1.0,4.0,7.0,14.543,16.314,17.366,2.0,5.0,3.741,3.741,5.173,1.0,1.0,6.866,6.866,11.041,1.0,4.0,1.393,1.393,2.366,1.0,2.0,2.586,2.586,4.1,1.0,,,,,,,,,,,,,,,,,,,,,,,,,,,,,,,,,,,,,,,,,,,,,,,,,,,,,,,,,,,,,,,,,,,,,,,,,,,,,,,,,,,,,,,,,,,,,,,,,,,,,,,,,,,,,,,,,,,,,,,,,,,5,6,2.122,4.474,5.331,3,3.0,21.014,21.014,22.405,1.0,1.0,27.802,28.3,29.331,2.0,2.0,2.0,37.6,45.125,47.021,2.0,3.0,2.387,2.387,5.557,1.0,1.0,4.592,4.592,22.458,1.0,2.0,2.187,2.187,3.903,1.0,,,,,,,,,,,,,,,,,,,,,,,,,,,,,,,,,,,,,,,,,,,,,,,,,,,,,,,,,,,,,,,5,5,2.247,3.339,4.761,2,153.13,153.13,201.67,1.0,,,,,,,,,ADD,Graph_expl
19,500,1,1,1,1,3,2,1.0,47.074,47.074,48.256,1.0,1.0,11.386,11.386,14.573,1.0,4.0,24.334,24.334,25.309,1.0,4.0,9.317,9.317,12.107,1.0,4.0,18.927,18.927,19.649,1.0,4.0,5.138,5.138,6.454,1.0,3.0,29.016,29.016,29.762,1.0,4.0,3.0,4.157,9.545,10.969,2.0,1.0,23.622,23.622,24.384,1.0,1.0,2.994,2.994,3.769,1.0,2.0,14.636,14.636,16.068,1.0,2.0,3.012,3.012,4.768,1.0,,,,,,,,,,,,,,,,,,,,,,,,,,,,,,,,,,,,,,,,,,,,,,,,,,,,,,,,,,,,,,,,,,,,,,,,,,,,,,,,,,,,,,,,,,,,,,,,,,,,,,,,,,,,,,,,,,,,,,,,,,,3,3,3.676,6.248,7.3,2,6.0,21.624,21.624,22.926,1.0,3.0,26.429,26.429,27.901,1.0,2.0,2.0,18.131,83.29,86.296,5.0,3.0,3.97,3.97,5.463,1.0,2.0,18.959,18.959,22.225,1.0,2.0,6.48,6.48,8.274,1.0,,,,,,,,,,,,,,,,,,,,,,,,,,,,,,,,,,,,,,,,,,,,,,,,,,,,,,,,,,,,,,,3,3,1.852,3.007,4.092,2,13.867,13.867,24.295,1.0,,,,,,,,,ADD,Graph_expl
21,704,1,1,1,1,3,1,4.0,87.931,114.26,115.281,2.0,1.0,26.529,26.529,34.564,1.0,5.0,25.59,25.59,26.932,1.0,5.0,3.712,3.712,5.321,1.0,5.0,16.158,16.158,17.938,1.0,5.0,4.984,4.984,6.364,1.0,7.0,19.86,19.86,20.939,1.0,4.0,7.0,6.994,10.076,11.594,2.0,1.0,10.589,11.132,12.311,2.0,1.0,4.2,4.2,5.428,1.0,2.0,9.576,9.576,10.694,1.0,2.0,1.816,1.816,3.331,1.0,,,,,,,,,,,,,,,,,,,,,,,,,,,,,,,,,,,,,,,,,,,,,,,,,,,,,,,,,,,,,,,,,,,,,,,,,,,,,,,,,,,,,,,,,,,,,,,,,,,,,,,,,,,,,,,,,,,,,,,,,,,6,7,2.917,5.027,8.4,3,3.0,32.394,32.394,33.903,1.0,1.0,61.966,61.966,63.246,1.0,2.0,2.0,24.983,44.461,48.361,2.0,3.0,45.302,45.302,46.547,1.0,1.0,9.13,9.13,25.441,1.0,2.0,16.778,16.778,17.675,1.0,,,,,,,,,,,,,,,,,,,,,,,,,,,,,,,,,,,,,,,,,,,,,,,,,,,,,,,,,,,,,,,6,6,2.382,3.417,4.422,2,19.243,19.243,51.003,1.0,,,,,,,,,ADD,Graph_expl
22,1029,1,1,1,1,2,1,1.0,66.511,68.171,71.441,2.0,1.0,15.739,17.452,20.065,2.0,5.0,46.134,46.134,47.829,1.0,5.0,3.02,3.02,4.477,1.0,5.0,77.979,77.979,79.378,1.0,5.0,3.817,3.817,5.051,1.0,4.0,20.088,20.088,21.168,1.0,4.0,7.0,5.739,11.552,12.777,3.0,1.0,510.851,510.851,511.844,1.0,1.0,5.201,5.201,6.577,1.0,2.0,17.524,17.908,20.282,2.0,2.0,2.697,3.486,4.403,2.0,,,,,,,,,,,,,,,,,,,,,,,,,,,,,,,,,,,,,,,,,,,,,,,,,,,,,,,,,,,,,,,,,,,,,,,,,,,,,,,,,,,,,,,,,,,,,,,,,,,,,,,,,,,,,,,,,,,,,,,,,,,6,6,1.876,4.175,5.057,2,3.0,22.835,23.61,24.596,2.0,3.0,7.157,7.796,8.715,2.0,3.0,2.0,27.157,32.037,33.843,2.0,2.0,5.553,5.553,7.011,1.0,1.0,14.3,14.3,16.208,1.0,2.0,22.151,22.151,23.341,1.0,,,,,,,,,,,,,,,,,,,,,,,,,,,,,,,,,,,,,,,,,,,,,,,,,,,,,,,,,,,,,,,6,6,1.812,3.152,4.642,2,21.62,21.62,58.183,1.0,,,,,,,,,ADD,Graph_expl
23,952,1,1,1,1,2,2,1.0,74.154,74.154,75.343,1.0,3.0,16.878,52.962,54.03,4.0,5.0,41.572,41.572,42.504,1.0,4.0,17.674,17.674,18.736,1.0,5.0,24.762,24.762,25.924,1.0,4.0,11.617,11.617,12.694,1.0,7.0,27.919,27.919,28.925,1.0,4.0,4.0,6.207,13.522,14.505,2.0,1.0,20.966,20.966,22.001,1.0,2.0,8.319,8.319,9.192,1.0,2.0,18.872,18.872,20.047,1.0,6.0,19.516,19.516,20.001,1.0,,,,,,,,,,,,,,,,,,,,,,,,,,,,,,,,,,,,,,,,,,,,,,,,,,,,,,,,,,,,,,,,,,,,,,,,,,,,,,,,,,,,,,,,,,,,,,,,,,,,,,,,,,,,,,,,,,,,,,,,,,,7,7,3.345,4.606,6.63,2,3.0,57.797,57.797,58.979,1.0,1.0,10.745,35.386,36.553,2.0,2.0,2.0,88.488,115.253,116.57,5.0,3.0,84.944,84.944,85.989,1.0,1.0,44.251,44.251,45.091,1.0,2.0,27.632,27.632,28.373,1.0,,,,,,,,,,,,,,,,,,,,,,,,,,,,,,,,,,,,,,,,,,,,,,,,,,,,,,,,,,,,,,,7,7,2.857,4.396,5.188,2,38.084,46.601,145.99,3.0,,,,,,,,,ADD,Graph_expl
24,749,1,1,1,1,2,1,1.0,40.311,40.311,41.535,1.0,1.0,22.992,22.992,24.883,1.0,5.0,30.852,30.852,31.811,1.0,5.0,27.136,27.136,28.677,1.0,5.0,41.971,42.821,43.227,2.0,5.0,5.208,5.208,6.615,1.0,3.0,31.353,31.353,33.045,1.0,4.0,7.0,4.428,18.527,19.501,3.0,4.0,19.025,19.025,20.365,1.0,1.0,9.655,9.655,10.96,1.0,2.0,10.017,10.017,11.537,1.0,2.0,3.379,3.796,4.77,2.0,,,,,,,,,,,,,,,,,,,,,,,,,,,,,,,,,,,,,,,,,,,,,,,,,,,,,,,,,,,,,,,,,,,,,,,,,,,,,,,,,,,,,,,,,,,,,,,,,,,,,,,,,,,,,,,,,,,,,,,,,,,4,5,2.907,5.506,6.414,2,1.0,10.988,10.988,11.767,1.0,3.0,28.084,28.084,29.325,1.0,3.0,2.0,11.462,17.829,18.854,2.0,2.0,16.84,16.84,19.414,1.0,1.0,29.434,29.434,30.502,1.0,2.0,24.678,24.678,26.035,1.0,,,,,,,,,,,,,,,,,,,,,,,,,,,,,,,,,,,,,,,,,,,,,,,,,,,,,,,,,,,,,,,4,4,2.264,3.514,4.385,2,7.843,38.696,39.419,4.0,,,,,,,,,ADD,Graph_expl
25,700,1,1,1,1,1,1,3.0,77.28,77.28,78.813,1.0,1.0,12.965,12.965,14.07,1.0,5.0,32.061,32.061,33.632,1.0,5.0,4.576,4.576,5.883,1.0,5.0,21.421,21.421,23.017,1.0,5.0,3.47,3.47,4.938,1.0,4.0,28.548,28.548,37.187,1.0,4.0,7.0,17.47,19.336,20.585,2.0,1.0,25.21,25.21,27.264,1.0,1.0,3.483,3.483,5.515,1.0,2.0,23.841,23.841,24.839,1.0,2.0,4.663,4.663,6.118,1.0,,,,,,,,,,,,,,,,,,,,,,,,,,,,,,,,,,,,,,,,,,,,,,,,,,,,,,,,,,,,,,,,,,,,,,,,,,,,,,,,,,,,,,,,,,,,,,,,,,,,,,,,,,,,,,,,,,,,,,,,,,,6,5,4.541,7.227,8.011,2,3.0,61.7,61.7,63.201,1.0,1.0,39.233,39.233,41.455,1.0,2.0,2.0,28.199,44.182,45.694,2.0,1.0,35.024,35.024,37.94,1.0,1.0,22.091,22.091,23.655,1.0,2.0,22.936,22.936,24.297,1.0,,,,,,,,,,,,,,,,,,,,,,,,,,,,,,,,,,,,,,,,,,,,,,,,,,,,,,,,,,,,,,,5,5,2.173,4.082,4.981,2,33.201,56.524,59.852,2.0,,,,,,,,,ADD,Graph_expl
26,1356,1,1,1,1,2,1,1.0,97.392,111.554,112.801,4.0,3.0,46.986,54.263,55.402,3.0,5.0,21.318,66.081,67.246,3.0,4.0,32.949,45.209,46.428,5.0,5.0,5.817,41.985,43.078,4.0,4.0,19.447,23.508,24.74,3.0,7.0,3.301,43.145,44.204,4.0,4.0,4.0,8.794,40.985,43.007,8.0,1.0,3.681,38.725,40.238,3.0,2.0,9.813,11.264,12.402,2.0,2.0,34.554,38.841,40.121,3.0,6.0,16.237,21.134,22.545,3.0,,,,,,,,,,,,,,,,,,,,,,,,,,,,,,,,,,,,,,,,,,,,,,,,,,,,,,,,,,,,,,,,,,,,,,,,,,,,,,,,,,,,,,,,,,,,,,,,,,,,,,,,,,,,,,,,,,,,,,,,,,,5,5,9.45,15.239,16.479,3,3.0,6.407,48.753,50.171,5.0,1.0,8.116,45.675,47.067,3.0,4.0,2.0,49.649,122.43,123.675,6.0,4.0,10.072,11.735,24.337,2.0,1.0,24.291,73.852,79.603,3.0,2.0,10.198,35.687,36.739,3.0,,,,,,,,,,,,,,,,,,,,,,,,,,,,,,,,,,,,,,,,,,,,,,,,,,,,,,,,,,,,,,,5,5,6.726,10.918,11.92,3,17.531,85.559,88.905,5.0,,,,,,,,,ADD,Graph_expl
27,836,1,1,1,1,3,2,1.0,96.885,96.885,98.683,1.0,1.0,16.455,16.455,17.844,1.0,5.0,19.18,19.18,20.018,1.0,5.0,3.718,3.718,4.684,1.0,5.0,33.839,33.839,34.619,1.0,5.0,3.434,3.434,4.903,1.0,7.0,12.045,13.037,13.955,2.0,4.0,7.0,6.26,8.211,9.662,2.0,1.0,26.18,26.18,27.607,1.0,1.0,6.888,6.888,8.38,1.0,2.0,14.713,15.385,16.311,2.0,2.0,3.385,3.385,4.356,1.0,,,,,,,,,,,,,,,,,,,,,,,,,,,,,,,,,,,,,,,,,,,,,,,,,,,,,,,,,,,,,,,,,,,,,,,,,,,,,,,,,,,,,,,,,,,,,,,,,,,,,,,,,,,,,,,,,,,,,,,,,,,6,6,4.005,7.386,8.534,3,1.0,23.478,23.478,24.833,1.0,1.0,32.705,33.634,34.67,2.0,2.0,2.0,71.459,118.907,121.288,2.0,3.0,85.955,85.955,87.144,1.0,1.0,36.194,36.194,37.727,1.0,2.0,20.364,20.364,21.08,1.0,,,,,,,,,,,,,,,,,,,,,,,,,,,,,,,,,,,,,,,,,,,,,,,,,,,,,,,,,,,,,,,6,7,3.287,5.255,6.805,2,55.729,55.729,148.337,1.0,,,,,,,,,ADD,Graph_expl
28,1251,1,1,1,1,1,1,1.0,5.056,164.414,165.238,21.0,1.0,1.28,19.825,21.2,10.0,7.0,4.214,68.195,69.143,8.0,5.0,7.42,19.63,21.39,8.0,5.0,3.393,42.366,43.3,5.0,5.0,4.805,9.051,9.947,7.0,4.0,2.343,29.987,30.899,7.0,4.0,7.0,1.864,19.482,21.264,13.0,1.0,1.563,26.194,27.356,8.0,1.0,0.763,4.494,5.388,6.0,2.0,1.457,20.609,21.571,6.0,2.0,0.762,3.28,4.353,5.0,,,,,,,,,,,,,,,,,,,,,,,,,,,,,,,,,,,,,,,,,,,,,,,,,,,,,,,,,,,,,,,,,,,,,,,,,,,,,,,,,,,,,,,,,,,,,,,,,,,,,,,,,,,,,,,,,,,,,,,,,,,6,5,4.097,8.337,9.1,5,3.0,15.176,136.233,137.878,8.0,1.0,45.547,46.897,47.938,4.0,1.0,2.0,19.999,247.676,248.799,20.0,2.0,1.727,105.444,106.955,13.0,1.0,15.083,16.418,17.201,3.0,1.0,9.257,10.193,10.986,3.0,,,,,,,,,,,,,,,,,,,,,,,,,,,,,,,,,,,,,,,,,,,,,,,,,,,,,,,,,,,,,,,4,4,3.71,4.763,5.574,5,4.473,16.342,31.301,5.0,,,,,,,,,ADD,Graph_expl
29,1318,1,1,1,1,2,2,1.0,88.25,91.135,92.741,2.0,3.0,134.469,134.469,136.103,1.0,5.0,26.526,26.526,27.781,1.0,5.0,29.321,31.767,32.384,2.0,5.0,26.866,26.866,28.067,1.0,5.0,66.34,66.34,67.956,1.0,3.0,13.587,13.587,15.238,1.0,4.0,7.0,15.233,26.078,27.29,3.0,1.0,25.073,26.218,26.784,2.0,1.0,5.073,6.463,7.058,2.0,2.0,28.132,28.132,29.334,1.0,2.0,3.256,3.256,5.982,1.0,,,,,,,,,,,,,,,,,,,,,,,,,,,,,,,,,,,,,,,,,,,,,,,,,,,,,,,,,,,,,,,,,,,,,,,,,,,,,,,,,,,,,,,,,,,,,,,,,,,,,,,,,,,,,,,,,,,,,,,,,,,5,7,5.273,9.861,10.879,2,6.0,101.308,101.308,102.371,1.0,1.0,43.764,44.822,46.564,2.0,2.0,2.0,105.1,135.816,138.459,2.0,3.0,100.079,100.079,101.959,1.0,1.0,50.373,50.373,52.373,1.0,2.0,22.137,22.137,24.864,1.0,,,,,,,,,,,,,,,,,,,,,,,,,,,,,,,,,,,,,,,,,,,,,,,,,,,,,,,,,,,,,,,7,7,5.14,8.768,10.109,2,52.614,147.466,149.363,9.0,,,,,,,,,ADD,Graph_expl
30,1575,1,1,1,1,2,1,3.0,1.831,120.825,129.583,20.0,2.0,5.975,76.801,78.1,14.0,5.0,3.944,54.083,54.8,11.0,1.0,0.37,43.361,44.242,8.0,5.0,2.113,45.76,46.6,10.0,4.0,1.136,24.65,25.362,6.0,4.0,0.541,49.36,49.901,8.0,4.0,4.0,8.373,32.451,33.378,14.0,1.0,1.682,45.354,45.902,8.0,3.0,28.429,64.626,64.666,12.0,2.0,2.099,21.064,21.845,6.0,4.0,0.193,14.428,14.978,6.0,,,,,,,,,,,,,,,,,,,,,,,,,,,,,,,,,,,,,,,,,,,,,,,,,,,,,,,,,,,,,,,,,,,,,,,,,,,,,,,,,,,,,,,,,,,,,,,,,,,,,,,,,,,,,,,,,,,,,,,,,,,6,4,5.52,12.234,12.708,5,3.0,3.127,81.045,81.758,4.0,1.0,3.368,36.053,38.592,4.0,2.0,2.0,8.664,95.678,96.501,20.0,4.0,44.271,54.798,55.6,7.0,1.0,54.083,55.451,56.485,2.0,2.0,60.161,92.839,93.594,6.0,,,,,,,,,,,,,,,,,,,,,,,,,,,,,,,,,,,,,,,,,,,,,,,,,,,,,,,,,,,,,,,6,4,5.567,9.229,9.704,5,7.717,124.966,125.595,14.0,,,,,,,,,ADD,Graph_expl
31,1535,1,1,1,1,1,2,1.0,13.231,249.505,252.108,5.0,1.0,54.965,78.223,79.575,17.0,5.0,1.402,88.296,89.899,4.0,5.0,31.289,31.289,33.145,1.0,5.0,45.417,45.417,48.185,1.0,5.0,12.394,12.394,14.848,1.0,7.0,58.106,58.106,60.13,1.0,4.0,7.0,14.786,27.588,34.403,4.0,1.0,28.742,28.742,30.401,1.0,1.0,17.557,18.352,20.861,2.0,2.0,23.69,23.69,25.088,1.0,2.0,2.573,8.77,19.258,2.0,,,,,,,,,,,,,,,,,,,,,,,,,,,,,,,,,,,,,,,,,,,,,,,,,,,,,,,,,,,,,,,,,,,,,,,,,,,,,,,,,,,,,,,,,,,,,,,,,,,,,,,,,,,,,,,,,,,,,,,,,,,7,6,4.395,12.706,17.002,5,1.0,1.279,33.155,35.945,2.0,3.0,2.429,53.941,56.219,4.0,2.0,2.0,58.023,105.53,114.863,6.0,3.0,96.49,96.49,99.775,1.0,1.0,45.652,46.952,51.473,2.0,2.0,21.935,21.935,23.865,1.0,,,,,,,,,,,,,,,,,,,,,,,,,,,,,,,,,,,,,,,,,,,,,,,,,,,,,,,,,,,,,,,6,6,4.257,9.769,11.043,3,68.868,109.732,151.932,5.0,,,,,,,,,ADD,Graph_expl
32,1350,1,1,1,1,3,1,1.0,3.053,194.23,196.269,52.0,2.0,10.029,67.054,68.454,26.0,5.0,4.719,56.37,58.207,29.0,2.0,4.812,29.816,31.57,15.0,5.0,2.622,47.057,48.706,28.0,4.0,2.773,31.312,33.302,30.0,4.0,2.852,36.427,38.805,29.0,4.0,3.0,2.114,70.739,72.9,46.0,1.0,2.64,32.901,34.915,20.0,5.0,3.655,23.124,24.938,20.0,2.0,3.112,39.259,41.059,14.0,3.0,1.638,31.716,33.188,35.0,,,,,,,,,,,,,,,,,,,,,,,,,,,,,,,,,,,,,,,,,,,,,,,,,,,,,,,,,,,,,,,,,,,,,,,,,,,,,,,,,,,,,,,,,,,,,,,,,,,,,,,,,,,,,,,,,,,,,,,,,,,7,1,7.277,22.841,25.84,10,3.0,6.589,49.314,50.764,29.0,5.0,5.62,31.659,32.904,15.0,3.0,2.0,5.368,91.814,93.859,48.0,2.0,4.513,17.269,18.902,14.0,1.0,2.929,31.361,33.244,18.0,2.0,3.763,23.044,24.907,12.0,,,,,,,,,,,,,,,,,,,,,,,,,,,,,,,,,,,,,,,,,,,,,,,,,,,,,,,,,,,,,,,7,7,7.04,14.487,16.105,6,7.89,47.039,69.099,15.0,,,,,,,,,ADD,Graph_expl
33,1824,1,1,1,1,1,1,1.0,4.396,120.042,129.495,3.0,1.0,76.293,76.293,77.307,1.0,5.0,56.442,56.442,58.049,1.0,5.0,10.745,10.745,11.751,1.0,5.0,146.414,146.414,147.744,1.0,5.0,44.165,44.165,45.403,1.0,4.0,42.047,42.047,43.755,1.0,4.0,7.0,6.839,20.543,21.886,3.0,1.0,24.644,24.644,25.532,1.0,1.0,2.783,3.287,4.331,2.0,2.0,18.533,18.533,19.372,1.0,2.0,2.795,2.795,4.161,1.0,,,,,,,,,,,,,,,,,,,,,,,,,,,,,,,,,,,,,,,,,,,,,,,,,,,,,,,,,,,,,,,,,,,,,,,,,,,,,,,,,,,,,,,,,,,,,,,,,,,,,,,,,,,,,,,,,,,,,,,,,,,6,6,6.144,8.496,10.301,2,3.0,130.68,130.68,132.146,1.0,1.0,70.533,70.533,71.695,1.0,1.0,2.0,171.072,174.096,175.05,2.0,1.0,74.843,76.462,76.793,2.0,1.0,75.737,75.737,76.701,1.0,2.0,98.711,98.711,100.069,1.0,,,,,,,,,,,,,,,,,,,,,,,,,,,,,,,,,,,,,,,,,,,,,,,,,,,,,,,,,,,,,,,6,6,10.518,14.373,15.662,2,54.8,117.792,121.557,6.0,,,,,,,,,ADD,Graph_expl
34,1539,1,1,1,1,5,1,1.0,97.5,171.407,173.381,4.0,1.0,22.903,83.245,86.664,10.0,4.0,13.51,90.068,93.18,5.0,5.0,3.571,26.903,28.795,3.0,5.0,4.775,61.062,63.058,5.0,5.0,7.686,16.088,17.697,5.0,4.0,6.792,57.549,59.1,6.0,4.0,4.0,10.564,65.179,67.457,15.0,1.0,8.192,53.37,55.8,3.0,1.0,5.962,12.144,14.79,4.0,2.0,8.552,56.905,59.314,6.0,2.0,4.538,20.661,23.099,8.0,,,,,,,,,,,,,,,,,,,,,,,,,,,,,,,,,,,,,,,,,,,,,,,,,,,,,,,,,,,,,,,,,,,,,,,,,,,,,,,,,,,,,,,,,,,,,,,,,,,,,,,,,,,,,,,,,,,,,,,,,,,6,6,5.056,10.729,12.082,3,3.0,44.869,48.535,50.954,2.0,1.0,46.406,53.319,55.146,4.0,2.0,2.0,23.179,194.698,196.756,9.0,2.0,74.084,82.523,84.504,4.0,2.0,48.775,50.236,51.771,2.0,2.0,44.707,47.984,50.5,3.0,,,,,,,,,,,,,,,,,,,,,,,,,,,,,,,,,,,,,,,,,,,,,,,,,,,,,,,,,,,,,,,6,6,4.873,10.501,12.448,3,12.941,29.702,103.006,3.0,,,,,,,,,ADD,Graph_expl
35,2261,1,1,1,1,2,2,3.0,116.289,116.289,127.866,1.0,1.0,19.985,45.431,46.932,2.0,5.0,204.84,204.84,206.184,1.0,5.0,6.828,6.828,8.782,1.0,5.0,112.639,112.639,113.502,1.0,5.0,3.721,3.721,5.451,1.0,7.0,105.353,105.353,106.694,1.0,4.0,7.0,5.575,14.537,21.858,3.0,1.0,121.6,121.6,122.5,1.0,1.0,5.456,5.456,7.066,1.0,2.0,105.951,105.951,107.523,1.0,2.0,4.466,4.466,5.872,1.0,,,,,,,,,,,,,,,,,,,,,,,,,,,,,,,,,,,,,,,,,,,,,,,,,,,,,,,,,,,,,,,,,,,,,,,,,,,,,,,,,,,,,,,,,,,,,,,,,,,,,,,,,,,,,,,,,,,,,,,,,,,7,7,5.763,10.399,11.595,2,3.0,180.246,180.246,181.443,1.0,1.0,87.079,87.079,93.669,1.0,2.0,2.0,184.944,222.901,227.873,2.0,3.0,206.978,206.978,212.258,1.0,1.0,76.939,76.939,77.777,1.0,2.0,107.459,107.459,109.083,1.0,,,,,,,,,,,,,,,,,,,,,,,,,,,,,,,,,,,,,,,,,,,,,,,,,,,,,,,,,,,,,,,7,7,4.464,7.344,11.3,2,136.331,186.061,193.488,2.0,,,,,,,,,ADD,Graph_expl
36,1954,1,1,1,1,2,2,1.0,7.593,229.044,232.796,14.0,1.0,29.868,83.901,86.231,3.0,5.0,5.754,139.08,140.788,4.0,5.0,16.09,41.891,43.004,4.0,4.0,51.45,135.461,136.7,6.0,5.0,12.693,38.967,40.025,4.0,7.0,7.401,104.897,106.109,4.0,4.0,7.0,7.997,34.166,37.9,7.0,1.0,10.844,63.795,65.615,3.0,1.0,5.052,10.272,11.802,4.0,2.0,10.556,63.824,65.651,3.0,2.0,4.284,8.36,10.301,3.0,,,,,,,,,,,,,,,,,,,,,,,,,,,,,,,,,,,,,,,,,,,,,,,,,,,,,,,,,,,,,,,,,,,,,,,,,,,,,,,,,,,,,,,,,,,,,,,,,,,,,,,,,,,,,,,,,,,,,,,,,,,6,6,7.334,13.568,17.0,3,1.0,95.303,97.127,98.5,2.0,1.0,57.534,59.553,61.042,2.0,1.0,2.0,139.035,174.833,177.677,5.0,3.0,42.839,49.304,55.358,3.0,1.0,37.187,38.3,40.014,2.0,2.0,44.996,67.622,68.866,4.0,,,,,,,,,,,,,,,,,,,,,,,,,,,,,,,,,,,,,,,,,,,,,,,,,,,,,,,,,,,,,,,5,5,4.254,9.314,10.978,3,41.453,59.801,105.905,4.0,,,,,,,,,ADD,Graph_expl
37,2704,1,1,1,1,1,2,1.0,72.974,72.974,74.404,1.0,1.0,15.385,15.385,32.93,1.0,5.0,7.827,40.61,43.294,4.0,5.0,3.533,3.533,4.612,1.0,7.0,51.621,54.247,55.169,2.0,5.0,3.535,3.535,4.662,1.0,4.0,6.515,18.63,19.367,2.0,4.0,7.0,8.261,12.159,12.738,2.0,1.0,4.617,14.498,15.563,5.0,1.0,1.942,1.942,3.039,1.0,2.0,11.793,11.793,12.532,1.0,2.0,2.531,3.224,3.963,2.0,,,,,,,,,,,,,,,,,,,,,,,,,,,,,,,,,,,,,,,,,,,,,,,,,,,,,,,,,,,,,,,,,,,,,,,,,,,,,,,,,,,,,,,,,,,,,,,,,,,,,,,,,,,,,,,,,,,,,,,,,,,7,7,2.043,4.998,5.84,4,3.0,38.497,38.497,40.549,1.0,1.0,6.775,30.682,31.357,8.0,2.0,2.0,6.37,96.212,104.314,4.0,3.0,43.096,43.096,44.8,1.0,1.0,10.338,10.338,12.026,1.0,2.0,11.362,15.637,16.842,2.0,,,,,,,,,,,,,,,,,,,,,,,,,,,,,,,,,,,,,,,,,,,,,,,,,,,,,,,,,,,,,,,7,7,1.905,3.171,4.482,2,77.428,77.428,122.235,1.0,,,,,,,,,ADD,Graph_expl
38,2060,1,1,1,1,3,2,1.0,5.694,288.978,291.58,10.0,3.0,12.412,119.913,122.673,6.0,5.0,12.325,141.774,143.147,7.0,2.0,6.628,33.157,34.961,3.0,5.0,4.262,93.482,95.425,5.0,4.0,6.898,22.719,24.407,3.0,7.0,12.013,120.359,123.046,3.0,4.0,4.0,5.5,34.11,41.194,6.0,1.0,3.593,125.294,127.983,6.0,2.0,8.716,19.641,22.541,3.0,2.0,3.565,95.686,97.783,4.0,6.0,4.748,20.036,22.054,3.0,,,,,,,,,,,,,,,,,,,,,,,,,,,,,,,,,,,,,,,,,,,,,,,,,,,,,,,,,,,,,,,,,,,,,,,,,,,,,,,,,,,,,,,,,,,,,,,,,,,,,,,,,,,,,,,,,,,,,,,,,,,5,5,8.817,22.115,24.161,3,3.0,112.776,115.003,117.038,2.0,1.0,64.033,71.976,74.064,5.0,4.0,2.0,17.716,94.187,97.305,7.0,3.0,12.815,19.284,21.599,2.0,1.0,43.22,45.919,49.661,2.0,2.0,92.005,94.426,97.104,2.0,,,,,,,,,,,,,,,,,,,,,,,,,,,,,,,,,,,,,,,,,,,,,,,,,,,,,,,,,,,,,,,7,7,6.981,14.629,16.638,3,3.531,99.651,135.773,6.0,,,,,,,,,ADD,Graph_expl
39,2249,1,1,1,1,3,2,3.0,5.986,312.268,313.766,13.0,3.0,1.311,93.629,94.891,9.0,5.0,1.468,187.311,188.671,13.0,5.0,0.25,4.389,5.554,4.0,5.0,2.412,42.019,43.35,4.0,5.0,1.582,2.993,4.057,2.0,7.0,5.932,56.111,57.059,3.0,4.0,7.0,0.207,5.262,8.019,3.0,1.0,3.537,38.99,40.126,8.0,1.0,0.476,2.175,3.531,2.0,2.0,0.913,34.407,36.373,6.0,2.0,3.373,3.373,4.898,1.0,,,,,,,,,,,,,,,,,,,,,,,,,,,,,,,,,,,,,,,,,,,,,,,,,,,,,,,,,,,,,,,,,,,,,,,,,,,,,,,,,,,,,,,,,,,,,,,,,,,,,,,,,,,,,,,,,,,,,,,,,,,7,7,2.333,11.627,13.331,4,1.0,5.1,111.646,113.401,5.0,1.0,0.177,63.985,65.823,5.0,2.0,2.0,11.865,174.843,175.984,20.0,4.0,1.947,91.106,92.479,12.0,2.0,2.164,49.104,50.858,7.0,2.0,4.644,79.842,81.158,6.0,,,,,,,,,,,,,,,,,,,,,,,,,,,,,,,,,,,,,,,,,,,,,,,,,,,,,,,,,,,,,,,7,7,3.001,11.203,12.973,4,3.245,247.943,258.144,21.0,,,,,,,,,ADD,Graph_expl
40,2892,1,1,1,1,5,1,1.0,304.19,304.19,306.027,1.0,1.0,50.659,50.659,54.665,1.0,5.0,162.87,162.87,164.514,1.0,5.0,6.893,6.893,11.378,1.0,5.0,112.174,112.174,113.251,1.0,5.0,4.307,4.307,5.194,1.0,7.0,119.346,119.346,120.087,1.0,4.0,7.0,4.443,22.843,23.752,3.0,1.0,91.05,91.05,93.526,1.0,1.0,3.746,3.746,5.047,1.0,2.0,97.064,97.064,100.334,1.0,2.0,2.919,2.919,4.26,1.0,,,,,,,,,,,,,,,,,,,,,,,,,,,,,,,,,,,,,,,,,,,,,,,,,,,,,,,,,,,,,,,,,,,,,,,,,,,,,,,,,,,,,,,,,,,,,,,,,,,,,,,,,,,,,,,,,,,,,,,,,,,6,6,18.501,23.452,25.994,2,1.0,176.161,176.161,178.997,1.0,1.0,104.875,104.875,122.024,1.0,2.0,2.0,358.378,375.057,378.232,2.0,1.0,417.323,417.323,418.863,1.0,1.0,121.411,121.411,125.696,1.0,2.0,128.402,128.402,129.742,1.0,,,,,,,,,,,,,,,,,,,,,,,,,,,,,,,,,,,,,,,,,,,,,,,,,,,,,,,,,,,,,,,6,6,6.797,11.421,12.489,2,114.112,175.352,239.016,9.0,,,,,,,,,ADD,Graph_expl
41,2880,1,1,1,1,5,2,3.0,154.949,154.949,164.238,1.0,1.0,61.888,61.888,63.588,1.0,5.0,106.658,106.658,108.876,1.0,5.0,10.591,10.591,12.625,1.0,5.0,111.081,111.081,113.104,1.0,5.0,12.976,12.976,14.389,1.0,4.0,54.708,54.708,56.852,1.0,4.0,7.0,11.902,35.39,42.869,3.0,1.0,84.298,84.298,85.93,1.0,1.0,9.641,9.641,12.506,1.0,2.0,72.267,72.267,74.062,1.0,2.0,96.684,102.556,104.647,2.0,,,,,,,,,,,,,,,,,,,,,,,,,,,,,,,,,,,,,,,,,,,,,,,,,,,,,,,,,,,,,,,,,,,,,,,,,,,,,,,,,,,,,,,,,,,,,,,,,,,,,,,,,,,,,,,,,,,,,,,,,,,6,6,7.453,11.737,13.236,2,3.0,169.453,169.453,171.763,1.0,1.0,59.621,59.621,61.331,1.0,2.0,2.0,715.561,895.984,900.213,12.0,3.0,293.121,293.121,302.186,1.0,1.0,118.155,118.155,124.335,1.0,2.0,119.727,119.727,122.0,1.0,,,,,,,,,,,,,,,,,,,,,,,,,,,,,,,,,,,,,,,,,,,,,,,,,,,,,,,,,,,,,,,7,7,4.775,7.393,12.68,2,40.887,152.114,154.044,2.0,,,,,,,,,ADD,Graph_expl
46,3114,1,1,1,1,2,2,1.0,2.252,547.793,549.772,40.0,3.0,2.27,249.223,250.551,32.0,5.0,12.894,90.14,91.266,15.0,2.0,2.311,101.214,102.377,10.0,5.0,1.791,43.257,44.403,11.0,4.0,4.523,42.983,44.172,9.0,7.0,1.84,56.982,58.215,13.0,4.0,4.0,2.079,58.452,60.148,24.0,1.0,1.639,146.438,147.944,12.0,2.0,1.666,75.248,76.956,9.0,2.0,2.14,34.587,35.676,6.0,6.0,1.64,49.338,50.542,9.0,,,,,,,,,,,,,,,,,,,,,,,,,,,,,,,,,,,,,,,,,,,,,,,,,,,,,,,,,,,,,,,,,,,,,,,,,,,,,,,,,,,,,,,,,,,,,,,,,,,,,,,,,,,,,,,,,,,,,,,,,,,6,6,2.158,30.204,31.565,11,3.0,2.1,86.939,88.399,14.0,1.0,1.728,74.215,76.118,5.0,2.0,2.0,1.755,417.866,419.176,44.0,3.0,2.02,90.822,93.363,18.0,1.0,4.251,55.228,56.383,14.0,2.0,2.394,37.067,38.565,9.0,,,,,,,,,,,,,,,,,,,,,,,,,,,,,,,,,,,,,,,,,,,,,,,,,,,,,,,,,,,,,,,6,6,2.873,10.149,12.74,5,2.334,75.616,77.738,14.0,,,,,,,,,ADD,Graph_expl
48,831,1,1,1,1,1,1,3.0,63.539,63.539,64.752,1.0,1.0,23.483,24.236,24.704,2.0,5.0,66.018,66.018,66.832,1.0,5.0,2.878,2.878,3.568,1.0,5.0,27.892,27.892,28.609,1.0,5.0,2.04,2.416,2.996,2.0,4.0,47.976,47.976,48.634,1.0,4.0,7.0,7.372,16.648,17.393,2.0,1.0,16.684,16.684,17.441,1.0,1.0,1.985,1.985,2.997,1.0,2.0,17.498,17.498,18.745,1.0,2.0,1.894,1.894,2.93,1.0,,,,,,,,,,,,,,,,,,,,,,,,,,,,,,,,,,,,,,,,,,,,,,,,,,,,,,,,,,,,,,,,,,,,,,,,,,,,,,,,,,,,,,,,,,,,,,,,,,,,,,,,,,,,,,,,,,,,,,,,,,,7,7,2.839,4.217,4.94,2,3.0,86.285,87.088,87.659,2.0,3.0,50.734,50.734,51.688,1.0,2.0,2.0,131.285,144.416,145.568,2.0,3.0,9.685,35.491,35.948,2.0,1.0,55.236,55.236,55.872,1.0,2.0,27.551,27.551,28.55,1.0,,,,,,,,,,,,,,,,,,,,,,,,,,,,,,,,,,,,,,,,,,,,,,,,,,,,,,,,,,,,,,,7,7,1.969,2.988,3.544,2,30.429,60.338,68.494,4.0,,,,,,,,,ADD,Text_expl
49,485,1,1,1,1,3,1,5.0,2.605,25.701,26.641,17.0,6.0,3.933,22.701,23.4,10.0,1.0,0.771,8.401,9.257,8.0,2.0,3.939,7.523,8.168,5.0,2.0,1.399,11.657,12.001,11.0,7.0,12.06,20.275,20.852,5.0,1.0,1.53,15.479,16.1,8.0,4.0,7.0,10.482,28.184,28.903,7.0,6.0,3.385,15.451,18.677,9.0,4.0,5.789,16.301,17.001,7.0,4.0,2.18,9.1,10.184,9.0,3.0,2.667,25.002,26.078,7.0,,,,,,,,,,,,,,,,,,,,,,,,,,,,,,,,,,,,,,,,,,,,,,,,,,,,,,,,,,,,,,,,,,,,,,,,,,,,,,,,,,,,,,,,,,,,,,,,,,,,,,,,,,,,,,,,,,,,,,,,,,,6,5,10.006,16.49,17.201,8,5.0,8.105,8.901,9.8,2.0,7.0,3.453,3.901,4.599,2.0,4.0,2.0,3.778,25.592,27.301,8.0,3.0,1.716,23.992,24.6,6.0,1.0,5.119,12.901,13.886,3.0,2.0,5.334,6.679,7.35,2.0,,,,,,,,,,,,,,,,,,,,,,,,,,,,,,,,,,,,,,,,,,,,,,,,,,,,,,,,,,,,,,,7,5,2.804,9.109,9.533,6,2.684,44.701,64.1,24.0,,,,,,,,,ADD,Text_expl
50,407,1,1,1,1,2,2,,,,,,,,,,,,,,,,,,,,,,,,,,,,,,,,,,,,,,,,,,,,,,,,,,,,,,,,,,,,,,,,,,,,,,,,,,,,,,,,,,,,,,,,,,,,,,,,,,,,,,,,,,,,,,,,,,,,,,,,,,,4.0,19.141,21.24,21.815,2.0,3.0,17.287,27.104,30.844,2.0,5.0,16.685,16.685,18.001,1.0,5.0,1.715,1.715,3.955,1.0,4.0,2.586,2.586,7.911,1.0,4.0,7.825,7.825,9.464,1.0,1.0,4.55,4.55,6.722,1.0,4.0,1.0,10.993,17.828,19.399,2.0,1.0,4.109,4.109,5.568,1.0,1.0,0.686,0.686,2.472,1.0,7.0,2.29,3.872,4.726,2.0,7.0,0.281,0.281,1.67,1.0,5,5,5.012,7.863,9.664,3,,,,,,,,,,,,,,,,,,,,,,,,,,,,,,,,,,,,,,,,,,,,,,,,,,,,,,,,,,,,,,,1.0,4.428,4.428,6.038,1.0,7.0,1.994,1.994,4.398,1.0,3.0,2.0,10.706,29.555,34.928,2.0,2.0,2.042,2.042,4.064,1.0,1.0,7.886,7.886,9.661,1.0,2.0,1.502,1.502,2.976,1.0,5,5,2.44,3.573,5.246,2,,,,,,,,,13.539,37.538,107.864,2.0,APP,Graph_expl
51,724,1,1,1,1,2,2,,,,,,,,,,,,,,,,,,,,,,,,,,,,,,,,,,,,,,,,,,,,,,,,,,,,,,,,,,,,,,,,,,,,,,,,,,,,,,,,,,,,,,,,,,,,,,,,,,,,,,,,,,,,,,,,,,,,,,,,,,,2.0,45.522,48.123,49.43,3.0,3.0,21.34,24.098,24.659,3.0,3.0,2.975,39.136,39.805,4.0,3.0,4.208,6.247,6.902,3.0,1.0,25.605,27.566,28.46,3.0,1.0,6.55,8.601,9.277,3.0,3.0,18.75,21.153,21.909,3.0,4.0,3.0,2.984,29.778,30.828,7.0,7.0,29.578,30.424,31.209,2.0,7.0,5.381,7.289,7.861,3.0,2.0,28.478,29.922,32.234,2.0,2.0,3.86,6.309,8.017,3.0,6,5,5.586,10.019,11.328,3,,,,,,,,,,,,,,,,,,,,,,,,,,,,,,,,,,,,,,,,,,,,,,,,,,,,,,,,,,,,,,,3.0,21.972,23.944,24.865,2.0,6.0,21.243,22.182,23.005,2.0,3.0,2.0,43.244,78.671,79.453,6.0,1.0,31.705,35.122,35.979,3.0,1.0,41.267,42.156,43.134,2.0,2.0,10.754,20.358,21.094,6.0,5,5,2.654,6.241,7.065,4,,,,,,,,,1.517,65.577,69.025,6.0,APP,Text_expl
52,1012,1,1,1,1,2,1,3.0,19.797,69.163,70.002,6.0,1.0,20.75,52.622,63.254,10.0,5.0,20.827,80.1,81.686,8.0,5.0,5.467,5.735,7.143,2.0,5.0,9.945,50.353,51.201,7.0,5.0,2.747,3.014,3.965,2.0,4.0,20.166,65.581,66.715,6.0,4.0,7.0,10.292,23.01,24.001,7.0,1.0,19.945,31.343,32.344,4.0,1.0,3.018,3.261,4.126,2.0,2.0,7.619,36.929,37.813,5.0,2.0,2.993,3.235,4.151,2.0,,,,,,,,,,,,,,,,,,,,,,,,,,,,,,,,,,,,,,,,,,,,,,,,,,,,,,,,,,,,,,,,,,,,,,,,,,,,,,,,,,,,,,,,,,,,,,,,,,,,,,,,,,,,,,,,,,,,,,,,,,,6,6,10.236,16.309,17.248,5,3.0,19.622,75.548,94.297,6.0,1.0,7.707,31.0,41.723,4.0,1.0,2.0,8.071,122.859,124.332,16.0,4.0,10.89,21.09,22.493,4.0,2.0,25.269,46.059,48.749,6.0,2.0,19.665,27.91,29.052,3.0,,,,,,,,,,,,,,,,,,,,,,,,,,,,,,,,,,,,,,,,,,,,,,,,,,,,,,,,,,,,,,,6,6,4.683,6.596,8.38,4,6.982,87.268,88.293,10.0,,,,,,,,,ADD,No_expl
54,922,1,1,1,1,2,2,2.0,2.02,51.996,52.506,9.0,1.0,1.908,19.199,20.225,15.0,4.0,1.257,42.896,43.487,3.0,5.0,64.937,74.365,75.047,4.0,5.0,1.784,136.176,136.667,17.0,7.0,1.088,20.547,21.521,14.0,4.0,12.247,27.137,27.81,4.0,4.0,7.0,1.271,31.758,33.058,20.0,1.0,0.996,26.125,26.806,2.0,2.0,1.192,25.073,26.133,13.0,6.0,1.541,33.14,33.66,14.0,2.0,1.099,26.567,27.161,10.0,,,,,,,,,,,,,,,,,,,,,,,,,,,,,,,,,,,,,,,,,,,,,,,,,,,,,,,,,,,,,,,,,,,,,,,,,,,,,,,,,,,,,,,,,,,,,,,,,,,,,,,,,,,,,,,,,,,,,,,,,,,6,2,2.1,12.132,13.052,6,1.0,1.882,31.362,32.506,15.0,3.0,2.645,32.134,32.763,3.0,2.0,2.0,1.62,36.014,38.05,7.0,4.0,1.044,18.102,20.669,3.0,2.0,1.065,14.9,15.822,2.0,1.0,0.879,6.035,7.129,2.0,,,,,,,,,,,,,,,,,,,,,,,,,,,,,,,,,,,,,,,,,,,,,,,,,,,,,,,,,,,,,,,1,1,1.686,8.315,9.264,4,2.445,130.384,157.353,26.0,,,,,,,,,ADD,No_expl
55,702,1,1,1,1,2,1,1.0,9.306,43.276,44.985,3.0,1.0,6.882,37.745,39.724,4.0,7.0,4.794,27.202,27.913,5.0,7.0,4.672,22.964,25.077,3.0,5.0,2.89,14.422,17.656,2.0,4.0,3.993,19.593,21.335,2.0,4.0,2.256,9.652,11.807,3.0,4.0,7.0,7.993,27.242,28.88,6.0,5.0,3.649,21.564,22.839,3.0,3.0,5.944,26.267,28.115,4.0,6.0,3.31,9.539,12.486,2.0,6.0,7.638,28.0,29.555,5.0,,,,,,,,,,,,,,,,,,,,,,,,,,,,,,,,,,,,,,,,,,,,,,,,,,,,,,,,,,,,,,,,,,,,,,,,,,,,,,,,,,,,,,,,,,,,,,,,,,,,,,,,,,,,,,,,,,,,,,,,,,,7,4,3.992,6.78,8.327,2,1.0,12.599,14.714,16.752,2.0,7.0,3.73,18.051,19.583,3.0,2.0,2.0,4.536,84.037,86.654,5.0,3.0,10.077,23.94,25.715,2.0,1.0,11.487,13.074,14.359,3.0,2.0,14.498,15.961,18.757,2.0,,,,,,,,,,,,,,,,,,,,,,,,,,,,,,,,,,,,,,,,,,,,,,,,,,,,,,,,,,,,,,,5,4,4.922,6.135,7.716,2,24.619,42.551,57.269,4.0,,,,,,,,,ADD,No_expl
56,612,1,1,1,1,1,2,1.0,38.074,38.074,46.802,1.0,1.0,11.881,11.881,22.103,1.0,5.0,21.884,63.813,64.702,5.0,5.0,1.796,2.513,7.379,2.0,5.0,15.958,15.958,17.027,1.0,5.0,4.105,4.105,5.601,1.0,7.0,12.113,12.113,12.816,1.0,4.0,7.0,1.363,11.864,13.065,3.0,1.0,9.641,9.641,10.246,1.0,1.0,1.343,1.343,2.481,1.0,2.0,10.269,10.269,11.366,1.0,2.0,1.32,1.32,2.015,1.0,,,,,,,,,,,,,,,,,,,,,,,,,,,,,,,,,,,,,,,,,,,,,,,,,,,,,,,,,,,,,,,,,,,,,,,,,,,,,,,,,,,,,,,,,,,,,,,,,,,,,,,,,,,,,,,,,,,,,,,,,,,7,7,2.648,3.7,4.786,2,1.0,11.134,19.753,20.709,4.0,3.0,19.962,26.349,27.262,2.0,2.0,2.0,25.213,110.403,112.522,3.0,3.0,56.519,56.519,57.876,1.0,1.0,60.896,60.896,61.553,1.0,2.0,5.091,25.959,26.968,2.0,,,,,,,,,,,,,,,,,,,,,,,,,,,,,,,,,,,,,,,,,,,,,,,,,,,,,,,,,,,,,,,6,6,2.5,4.977,6.317,4,12.7,12.7,41.102,1.0,,,,,,,,,ADD,No_expl
57,812,1,1,1,1,2,2,1.0,77.282,77.282,78.638,1.0,1.0,13.933,13.933,16.012,1.0,5.0,37.176,37.176,37.9,1.0,5.0,2.631,2.631,3.435,1.0,5.0,17.813,17.813,18.873,1.0,5.0,1.942,1.942,2.97,1.0,3.0,19.914,19.914,20.742,1.0,4.0,3.0,13.602,23.722,25.31,3.0,1.0,10.879,10.879,11.762,1.0,1.0,1.72,1.72,2.939,1.0,2.0,10.834,10.834,12.078,1.0,2.0,1.518,1.518,2.266,1.0,,,,,,,,,,,,,,,,,,,,,,,,,,,,,,,,,,,,,,,,,,,,,,,,,,,,,,,,,,,,,,,,,,,,,,,,,,,,,,,,,,,,,,,,,,,,,,,,,,,,,,,,,,,,,,,,,,,,,,,,,,,6,6,4.755,6.867,7.951,2,3.0,22.242,76.346,81.014,2.0,1.0,11.038,11.038,26.753,1.0,2.0,2.0,111.404,126.811,127.648,2.0,2.0,91.669,91.669,92.721,1.0,1.0,30.23,30.23,31.138,1.0,2.0,16.158,16.158,17.154,1.0,,,,,,,,,,,,,,,,,,,,,,,,,,,,,,,,,,,,,,,,,,,,,,,,,,,,,,,,,,,,,,,6,6,3.24,4.825,6.196,2,26.323,50.411,53.215,2.0,,,,,,,,,ADD,Text_expl
58,678,1,1,1,1,2,1,,,,,,,,,,,,,,,,,,,,,,,,,,,,,,,,,,,,,,,,,,,,,,,,,,,,,,,,,,,,,,,,,,,,,,,,,,,,,,,,,,,,,,,,,,,,,,,,,,,,,,,,,,,,,,,,,,,,,,,,,,,2.0,16.994,66.632,68.036,4.0,3.0,24.824,24.824,30.499,1.0,3.0,25.289,25.289,26.706,1.0,3.0,7.609,7.609,14.359,1.0,1.0,0.216,27.528,28.789,3.0,1.0,9.1,9.1,10.899,1.0,6.0,14.523,14.523,27.352,1.0,4.0,3.0,9.495,24.007,25.739,4.0,7.0,11.812,11.812,13.348,1.0,7.0,5.72,5.72,6.785,1.0,3.0,18.459,18.459,20.11,1.0,3.0,3.219,3.219,4.923,1.0,6,6,4.488,7.336,9.283,2,,,,,,,,,,,,,,,,,,,,,,,,,,,,,,,,,,,,,,,,,,,,,,,,,,,,,,,,,,,,,,,3.0,19.559,19.559,21.286,1.0,6.0,25.763,25.763,27.353,1.0,2.0,2.0,49.365,67.774,71.994,2.0,3.0,7.481,7.481,11.451,1.0,1.0,32.06,32.06,33.47,1.0,2.0,15.584,15.584,16.874,1.0,5,5,4.31,12.325,13.5,2,,,,,,,,,10.956,47.512,55.565,2.0,APP,Graph_expl
59,475,1,1,1,1,2,2,,,,,,,,,,,,,,,,,,,,,,,,,,,,,,,,,,,,,,,,,,,,,,,,,,,,,,,,,,,,,,,,,,,,,,,,,,,,,,,,,,,,,,,,,,,,,,,,,,,,,,,,,,,,,,,,,,,,,,,,,,,3.0,1.071,60.734,61.331,8.0,3.0,2.38,31.036,31.516,10.0,3.0,3.394,17.705,18.145,5.0,3.0,2.509,5.182,5.961,3.0,1.0,2.145,9.199,9.713,5.0,1.0,0.915,2.527,3.257,3.0,3.0,1.034,13.234,13.248,4.0,4.0,3.0,0.881,11.499,12.382,8.0,7.0,0.719,19.409,19.925,4.0,7.0,0.799,2.769,3.259,3.0,1.0,0.735,12.649,13.101,4.0,3.0,0.709,6.546,7.565,4.0,7,7,2.958,7.446,8.301,6,,,,,,,,,,,,,,,,,,,,,,,,,,,,,,,,,,,,,,,,,,,,,,,,,,,,,,,,,,,,,,,3.0,11.985,16.327,16.716,3.0,6.0,1.896,11.981,12.539,3.0,1.0,2.0,1.743,70.146,70.637,13.0,2.0,6.953,18.743,19.367,4.0,2.0,14.507,14.866,16.831,2.0,2.0,19.091,19.841,20.329,2.0,6,5,2.928,7.198,7.689,6,,,,,,,,,2.902,31.656,43.037,8.0,APP,Graph_expl
60,875,1,1,1,1,1,2,1.0,136.269,136.269,138.501,1.0,3.0,71.299,71.742,73.759,2.0,4.0,17.48,17.48,18.752,1.0,6.0,52.31,52.31,53.617,1.0,5.0,5.901,5.901,7.231,1.0,6.0,60.425,60.425,61.47,1.0,3.0,33.571,33.571,34.931,1.0,4.0,4.0,24.946,27.504,32.088,2.0,1.0,23.51,33.627,34.146,3.0,1.0,5.806,5.806,7.262,1.0,2.0,21.041,28.569,29.67,3.0,2.0,3.213,3.213,4.33,1.0,,,,,,,,,,,,,,,,,,,,,,,,,,,,,,,,,,,,,,,,,,,,,,,,,,,,,,,,,,,,,,,,,,,,,,,,,,,,,,,,,,,,,,,,,,,,,,,,,,,,,,,,,,,,,,,,,,,,,,,,,,,7,1,2.644,7.104,8.715,2,3.0,8.792,8.792,10.284,1.0,1.0,12.041,12.041,13.504,1.0,1.0,2.0,15.847,20.669,23.57,2.0,3.0,18.727,18.727,20.676,1.0,1.0,8.287,10.329,12.374,2.0,2.0,4.876,4.876,5.823,1.0,,,,,,,,,,,,,,,,,,,,,,,,,,,,,,,,,,,,,,,,,,,,,,,,,,,,,,,,,,,,,,,7,5,2.871,5.305,6.289,3,15.001,15.001,38.222,1.0,,,,,,,,,ADD,No_expl
61,835,1,1,1,1,2,1,1.0,68.85,68.85,70.186,1.0,1.0,6.663,7.031,8.28,2.0,5.0,49.464,49.464,50.1,1.0,5.0,2.145,2.145,3.574,1.0,5.0,18.965,18.965,19.621,1.0,5.0,2.1,2.1,2.72,1.0,7.0,41.498,41.498,42.502,1.0,4.0,7.0,2.443,12.655,13.194,4.0,1.0,20.648,21.348,21.627,2.0,1.0,1.529,1.529,2.228,1.0,2.0,25.512,25.512,27.363,1.0,2.0,2.728,3.189,4.5,2.0,,,,,,,,,,,,,,,,,,,,,,,,,,,,,,,,,,,,,,,,,,,,,,,,,,,,,,,,,,,,,,,,,,,,,,,,,,,,,,,,,,,,,,,,,,,,,,,,,,,,,,,,,,,,,,,,,,,,,,,,,,,7,7,4.385,6.482,7.361,2,3.0,53.683,53.683,59.379,1.0,1.0,66.914,66.914,67.921,1.0,2.0,2.0,8.811,121.949,123.946,2.0,3.0,62.15,62.537,63.695,2.0,1.0,20.073,32.295,32.888,2.0,2.0,20.449,21.447,21.823,2.0,,,,,,,,,,,,,,,,,,,,,,,,,,,,,,,,,,,,,,,,,,,,,,,,,,,,,,,,,,,,,,,7,7,1.72,2.95,3.861,2,37.021,37.021,70.048,1.0,,,,,,,,,ADD,No_expl
62,787,1,1,1,1,2,1,,,,,,,,,,,,,,,,,,,,,,,,,,,,,,,,,,,,,,,,,,,,,,,,,,,,,,,,,,,,,,,,,,,,,,,,,,,,,,,,,,,,,,,,,,,,,,,,,,,,,,,,,,,,,,,,,,,,,,,,,,,3.0,4.769,66.773,68.178,10.0,4.0,29.92,31.78,32.673,3.0,3.0,5.213,16.531,17.649,4.0,1.0,8.477,26.114,27.688,4.0,4.0,10.034,18.715,20.663,3.0,2.0,10.074,46.915,47.961,10.0,6.0,3.578,18.761,20.196,5.0,4.0,1.0,5.424,57.376,58.475,13.0,7.0,9.66,19.447,20.586,4.0,5.0,3.347,40.622,41.938,8.0,3.0,3.231,25.993,27.618,5.0,3.0,13.184,30.273,31.701,7.0,7,6,6.108,11.88,12.802,5,,,,,,,,,,,,,,,,,,,,,,,,,,,,,,,,,,,,,,,,,,,,,,,,,,,,,,,,,,,,,,,3.0,9.882,12.66,13.718,3.0,5.0,11.575,16.551,17.762,4.0,2.0,2.0,25.012,36.148,38.889,5.0,2.0,4.418,8.53,10.427,3.0,1.0,2.679,16.634,17.763,3.0,1.0,8.51,12.76,13.915,3.0,7,7,3.364,6.21,7.646,3,,,,,,,,,4.882,12.164,26.443,3.0,APP,Text_expl
63,629,1,1,1,1,1,1,,,,,,,,,,,,,,,,,,,,,,,,,,,,,,,,,,,,,,,,,,,,,,,,,,,,,,,,,,,,,,,,,,,,,,,,,,,,,,,,,,,,,,,,,,,,,,,,,,,,,,,,,,,,,,,,,,,,,,,,,,,2.0,2.676,312.316,313.23,5.0,5.0,24.1,24.1,25.382,1.0,7.0,1.549,1.549,2.141,1.0,3.0,1.392,2.91,3.503,2.0,5.0,2.543,4.781,5.698,3.0,1.0,2.099,2.099,3.002,1.0,6.0,1.893,1.893,3.174,1.0,4.0,4.0,15.927,19.445,21.039,4.0,6.0,2.626,2.626,3.966,1.0,7.0,2.142,6.598,7.68,3.0,5.0,2.013,2.013,3.582,1.0,2.0,1.865,1.865,2.722,1.0,5,3,4.921,10.097,11.453,3,,,,,,,,,,,,,,,,,,,,,,,,,,,,,,,,,,,,,,,,,,,,,,,,,,,,,,,,,,,,,,,5.0,2.716,2.716,4.213,1.0,5.0,10.663,11.206,12.079,2.0,2.0,2.0,16.042,21.843,23.97,3.0,2.0,2.594,2.594,3.946,1.0,1.0,6.782,6.782,8.282,1.0,2.0,1.99,1.99,3.672,1.0,5,2,3.546,6.066,7.131,2,,,,,,,,,8.8,59.066,60.156,2.0,APP,Graph_expl
64,917,1,1,1,1,1,2,1.0,88.059,88.059,89.081,1.0,1.0,26.536,26.536,27.356,1.0,5.0,15.106,15.106,16.185,1.0,5.0,4.605,4.605,5.63,1.0,4.0,8.906,8.906,9.891,1.0,5.0,7.082,7.082,7.931,1.0,7.0,15.878,15.878,16.674,1.0,4.0,7.0,4.807,13.053,13.771,3.0,1.0,12.756,12.756,13.607,1.0,1.0,22.87,22.87,28.241,1.0,2.0,25.848,25.848,26.883,1.0,2.0,4.807,4.807,5.736,1.0,,,,,,,,,,,,,,,,,,,,,,,,,,,,,,,,,,,,,,,,,,,,,,,,,,,,,,,,,,,,,,,,,,,,,,,,,,,,,,,,,,,,,,,,,,,,,,,,,,,,,,,,,,,,,,,,,,,,,,,,,,,7,7,5.154,6.87,7.786,2,3.0,17.108,17.108,21.267,1.0,5.0,12.875,12.875,13.843,1.0,3.0,2.0,32.795,37.601,39.212,2.0,1.0,30.586,30.586,31.458,1.0,1.0,6.593,6.593,8.048,1.0,1.0,1.74,1.74,2.757,1.0,,,,,,,,,,,,,,,,,,,,,,,,,,,,,,,,,,,,,,,,,,,,,,,,,,,,,,,,,,,,,,,7,7,3.331,4.41,5.049,2,6.736,42.693,47.563,8.0,,,,,,,,,ADD,No_expl
66,737,1,1,1,1,3,2,,,,,,,,,,,,,,,,,,,,,,,,,,,,,,,,,,,,,,,,,,,,,,,,,,,,,,,,,,,,,,,,,,,,,,,,,,,,,,,,,,,,,,,,,,,,,,,,,,,,,,,,,,,,,,,,,,,,,,,,,,,2.0,115.287,115.287,116.435,1.0,3.0,33.903,33.903,34.946,1.0,3.0,26.648,41.04,42.396,2.0,3.0,6.775,6.775,8.562,1.0,1.0,48.585,48.585,49.868,1.0,1.0,4.761,4.761,5.74,1.0,4.0,44.122,44.122,45.469,1.0,4.0,3.0,8.825,23.345,26.756,5.0,7.0,22.778,22.778,24.038,1.0,7.0,4.993,9.537,11.292,2.0,1.0,24.79,24.79,26.186,1.0,3.0,13.877,13.877,15.032,1.0,5,5,5.362,8.594,9.597,2,,,,,,,,,,,,,,,,,,,,,,,,,,,,,,,,,,,,,,,,,,,,,,,,,,,,,,,,,,,,,,,5.0,28.538,28.538,32.003,1.0,4.0,19.497,19.497,20.852,1.0,4.0,2.0,29.948,39.276,42.983,2.0,1.0,10.677,10.677,13.728,1.0,1.0,29.595,29.595,31.006,1.0,2.0,20.113,20.113,21.396,1.0,5,5,6.146,8.546,9.478,2,,,,,,,,,22.785,55.121,66.692,3.0,APP,Graph_expl
67,788,1,1,1,1,2,1,,,,,,,,,,,,,,,,,,,,,,,,,,,,,,,,,,,,,,,,,,,,,,,,,,,,,,,,,,,,,,,,,,,,,,,,,,,,,,,,,,,,,,,,,,,,,,,,,,,,,,,,,,,,,,,,,,,,,,,,,,,3.0,51.431,51.431,53.805,1.0,3.0,17.13,17.13,19.207,1.0,7.0,33.536,33.536,35.302,1.0,7.0,11.421,11.421,15.811,1.0,2.0,47.464,47.464,48.432,1.0,1.0,5.447,5.447,7.858,1.0,2.0,23.673,23.673,24.687,1.0,4.0,3.0,22.399,36.888,37.585,3.0,7.0,31.401,31.401,33.765,1.0,7.0,4.685,6.519,7.083,2.0,3.0,24.473,24.473,26.398,1.0,3.0,4.283,5.366,6.153,2.0,5,5,3.603,5.925,7.052,2,,,,,,,,,,,,,,,,,,,,,,,,,,,,,,,,,,,,,,,,,,,,,,,,,,,,,,,,,,,,,,,3.0,22.495,22.495,23.541,1.0,6.0,23.186,23.186,24.093,1.0,3.0,2.0,28.699,66.612,68.831,2.0,4.0,51.796,51.796,52.579,1.0,2.0,25.77,25.77,27.138,1.0,2.0,14.094,14.094,14.97,1.0,6,6,6.115,8.598,9.885,2,,,,,,,,,31.666,31.666,67.825,1.0,APP,Graph_expl
68,1261,1,1,1,1,2,2,2.0,45.262,51.662,59.892,3.0,1.0,21.103,21.103,34.068,1.0,7.0,66.349,66.349,68.85,1.0,5.0,18.588,18.588,27.274,1.0,5.0,37.632,37.632,39.47,1.0,5.0,7.524,7.524,8.984,1.0,7.0,17.182,20.813,22.938,2.0,4.0,7.0,4.501,16.579,24.608,3.0,1.0,55.423,55.423,57.181,1.0,1.0,4.833,4.833,10.645,1.0,2.0,81.956,81.956,83.632,1.0,2.0,4.423,4.423,6.957,1.0,,,,,,,,,,,,,,,,,,,,,,,,,,,,,,,,,,,,,,,,,,,,,,,,,,,,,,,,,,,,,,,,,,,,,,,,,,,,,,,,,,,,,,,,,,,,,,,,,,,,,,,,,,,,,,,,,,,,,,,,,,,7,7,11.878,17.43,19.532,2,3.0,40.974,40.974,47.594,1.0,1.0,54.093,54.093,57.426,1.0,2.0,2.0,47.656,140.423,144.302,2.0,4.0,48.948,48.948,56.866,1.0,1.0,112.1,112.1,118.097,1.0,2.0,23.078,23.078,25.837,1.0,,,,,,,,,,,,,,,,,,,,,,,,,,,,,,,,,,,,,,,,,,,,,,,,,,,,,,,,,,,,,,,6,5,4.455,7.559,9.513,2,52.985,183.321,219.648,9.0,,,,,,,,,ADD,Text_expl
69,594,1,1,1,1,3,1,,,,,,,,,,,,,,,,,,,,,,,,,,,,,,,,,,,,,,,,,,,,,,,,,,,,,,,,,,,,,,,,,,,,,,,,,,,,,,,,,,,,,,,,,,,,,,,,,,,,,,,,,,,,,,,,,,,,,,,,,,,3.0,53.141,53.141,55.241,1.0,3.0,17.625,17.625,18.528,1.0,3.0,50.177,50.177,51.536,1.0,3.0,6.302,6.302,7.538,1.0,2.0,45.845,45.845,46.631,1.0,2.0,7.024,7.024,8.219,1.0,1.0,25.596,25.596,26.799,1.0,4.0,3.0,14.227,24.588,25.344,2.0,7.0,23.48,23.48,24.947,1.0,7.0,5.683,5.683,7.005,1.0,1.0,18.877,18.877,19.955,1.0,3.0,11.304,11.304,12.754,1.0,5,1,4.32,9.12,11.299,2,,,,,,,,,,,,,,,,,,,,,,,,,,,,,,,,,,,,,,,,,,,,,,,,,,,,,,,,,,,,,,,4.0,24.094,24.094,25.237,1.0,2.0,11.797,11.797,13.201,1.0,1.0,2.0,29.539,35.915,38.126,2.0,3.0,35.006,35.006,37.609,1.0,2.0,17.025,17.025,19.351,1.0,2.0,10.479,10.479,12.026,1.0,2,3,2.717,7.277,8.36,2,,,,,,,,,57.525,57.525,64.642,1.0,APP,Graph_expl
70,744,1,1,1,1,3,1,,,,,,,,,,,,,,,,,,,,,,,,,,,,,,,,,,,,,,,,,,,,,,,,,,,,,,,,,,,,,,,,,,,,,,,,,,,,,,,,,,,,,,,,,,,,,,,,,,,,,,,,,,,,,,,,,,,,,,,,,,,3.0,87.682,87.682,89.297,1.0,3.0,13.805,13.805,14.51,1.0,7.0,21.579,21.579,22.113,1.0,7.0,17.15,17.15,18.455,1.0,4.0,26.467,26.467,27.051,1.0,4.0,5.688,5.688,6.402,1.0,6.0,15.097,15.097,16.182,1.0,4.0,6.0,10.052,28.546,29.0,3.0,7.0,20.293,20.293,21.297,1.0,7.0,2.216,2.216,2.76,1.0,3.0,20.304,20.304,21.459,1.0,3.0,2.549,2.549,3.554,1.0,5,4,3.298,6.36,8.814,2,,,,,,,,,,,,,,,,,,,,,,,,,,,,,,,,,,,,,,,,,,,,,,,,,,,,,,,,,,,,,,,3.0,30.966,30.966,32.421,1.0,4.0,19.482,19.482,20.797,1.0,4.0,2.0,105.464,120.076,121.271,2.0,4.0,69.097,69.097,70.661,1.0,1.0,21.186,21.186,22.03,1.0,2.0,21.64,21.64,22.215,1.0,4,4,2.331,6.018,6.817,2,,,,,,,,,31.149,31.149,53.193,1.0,APP,Text_expl
71,1103,1,1,1,1,5,1,3.0,86.353,86.353,88.473,1.0,1.0,24.237,24.237,26.342,1.0,5.0,44.509,44.509,46.949,1.0,5.0,5.438,5.438,7.037,1.0,5.0,41.122,41.122,55.282,1.0,5.0,3.801,3.801,8.249,1.0,7.0,35.552,35.552,48.013,1.0,4.0,7.0,3.737,30.438,34.452,4.0,1.0,19.485,19.485,35.409,1.0,1.0,3.88,3.88,7.311,1.0,2.0,16.256,16.256,39.111,1.0,2.0,3.048,3.048,8.578,1.0,,,,,,,,,,,,,,,,,,,,,,,,,,,,,,,,,,,,,,,,,,,,,,,,,,,,,,,,,,,,,,,,,,,,,,,,,,,,,,,,,,,,,,,,,,,,,,,,,,,,,,,,,,,,,,,,,,,,,,,,,,,7,7,3.068,5.132,5.999,2,3.0,25.153,25.153,52.276,1.0,1.0,18.901,18.901,29.667,1.0,2.0,2.0,169.743,258.616,265.532,5.0,3.0,69.038,69.038,82.453,1.0,1.0,43.621,43.621,45.146,1.0,2.0,15.651,15.651,18.888,1.0,,,,,,,,,,,,,,,,,,,,,,,,,,,,,,,,,,,,,,,,,,,,,,,,,,,,,,,,,,,,,,,7,7,2.136,3.86,5.054,2,57.05,57.05,114.664,1.0,,,,,,,,,ADD,Text_expl
72,1007,1,1,1,1,2,2,1.0,125.044,125.044,126.601,1.0,3.0,42.435,42.435,43.241,1.0,5.0,57.972,59.212,59.993,2.0,5.0,4.511,4.511,7.749,1.0,5.0,32.223,32.223,32.765,1.0,4.0,1.489,30.401,30.884,3.0,4.0,15.46,17.131,17.5,2.0,4.0,7.0,8.027,21.546,22.302,3.0,1.0,17.552,17.552,18.31,1.0,1.0,2.067,2.067,2.84,1.0,2.0,15.197,15.197,15.884,1.0,2.0,1.665,1.665,2.462,1.0,,,,,,,,,,,,,,,,,,,,,,,,,,,,,,,,,,,,,,,,,,,,,,,,,,,,,,,,,,,,,,,,,,,,,,,,,,,,,,,,,,,,,,,,,,,,,,,,,,,,,,,,,,,,,,,,,,,,,,,,,,,7,7,3.445,4.861,5.676,2,3.0,38.694,38.694,39.404,1.0,1.0,23.864,23.864,24.58,1.0,2.0,2.0,127.779,189.635,192.759,3.0,3.0,119.415,122.975,123.283,2.0,1.0,30.479,30.479,31.858,1.0,2.0,16.022,16.022,17.337,1.0,,,,,,,,,,,,,,,,,,,,,,,,,,,,,,,,,,,,,,,,,,,,,,,,,,,,,,,,,,,,,,,7,7,2.318,3.598,4.227,2,18.625,18.625,59.566,1.0,,,,,,,,,ADD,Text_expl
73,1077,1,1,1,1,1,2,,,,,,,,,,,,,,,,,,,,,,,,,,,,,,,,,,,,,,,,,,,,,,,,,,,,,,,,,,,,,,,,,,,,,,,,,,,,,,,,,,,,,,,,,,,,,,,,,,,,,,,,,,,,,,,,,,,,,,,,,,,3.0,1.708,75.253,76.06,15.0,3.0,1.876,69.901,70.654,10.0,3.0,0.66,20.539,21.3,7.0,3.0,1.747,6.161,6.843,4.0,1.0,0.674,43.353,44.127,8.0,1.0,1.35,8.33,9.06,5.0,6.0,0.102,36.898,37.721,7.0,4.0,6.0,1.066,19.858,22.005,11.0,7.0,8.421,50.279,50.977,15.0,7.0,0.817,4.235,4.797,4.0,3.0,0.602,23.616,24.39,6.0,3.0,2.507,14.334,14.985,6.0,5,6,7.195,11.215,12.423,3,,,,,,,,,,,,,,,,,,,,,,,,,,,,,,,,,,,,,,,,,,,,,,,,,,,,,,,,,,,,,,,3.0,2.972,23.735,24.547,8.0,6.0,2.679,37.015,37.74,7.0,2.0,2.0,3.703,74.724,75.458,25.0,4.0,1.445,53.365,55.246,19.0,1.0,1.904,30.626,31.151,9.0,2.0,2.655,176.431,179.32,7.0,6,6,4.179,7.92,8.684,5,,,,,,,,,4.528,74.954,77.15,10.0,APP,Text_expl
74,1201,1,1,1,1,3,1,1.0,53.401,53.401,54.652,1.0,1.0,3.239,3.239,3.923,1.0,5.0,40.385,40.385,41.067,1.0,5.0,1.434,1.434,2.569,1.0,5.0,28.671,29.097,30.165,2.0,5.0,2.539,2.539,3.453,1.0,7.0,67.797,68.424,68.852,2.0,4.0,7.0,2.235,7.621,9.639,3.0,1.0,27.756,27.756,28.831,1.0,1.0,1.686,1.686,2.696,1.0,2.0,18.554,18.554,19.197,1.0,2.0,1.375,1.375,2.248,1.0,,,,,,,,,,,,,,,,,,,,,,,,,,,,,,,,,,,,,,,,,,,,,,,,,,,,,,,,,,,,,,,,,,,,,,,,,,,,,,,,,,,,,,,,,,,,,,,,,,,,,,,,,,,,,,,,,,,,,,,,,,,6,5,5.98,226.972,228.628,2,3.0,30.928,30.928,37.242,1.0,1.0,30.33,30.33,30.952,1.0,2.0,2.0,215.046,217.665,218.677,2.0,3.0,229.009,229.009,229.704,1.0,1.0,33.609,33.609,34.499,1.0,2.0,13.351,13.351,14.354,1.0,,,,,,,,,,,,,,,,,,,,,,,,,,,,,,,,,,,,,,,,,,,,,,,,,,,,,,,,,,,,,,,7,7,2.314,5.177,6.371,3,10.124,39.1,66.925,4.0,,,,,,,,,ADD,No_expl
75,1041,1,1,1,1,3,1,,,,,,,,,,,,,,,,,,,,,,,,,,,,,,,,,,,,,,,,,,,,,,,,,,,,,,,,,,,,,,,,,,,,,,,,,,,,,,,,,,,,,,,,,,,,,,,,,,,,,,,,,,,,,,,,,,,,,,,,,,,3.0,2.105,91.498,93.976,3.0,3.0,1.954,14.068,15.467,2.0,7.0,1.355,45.164,47.364,5.0,3.0,14.596,15.626,17.737,2.0,1.0,1.783,71.147,74.003,3.0,1.0,1.537,8.44,10.903,3.0,2.0,1.39,40.83,42.903,3.0,4.0,2.0,1.33,16.379,19.571,4.0,7.0,1.364,31.374,34.178,3.0,7.0,1.222,7.697,8.871,2.0,3.0,1.817,61.98,64.243,3.0,3.0,7.341,8.739,11.301,2.0,5,5,6.179,11.121,12.288,3,,,,,,,,,,,,,,,,,,,,,,,,,,,,,,,,,,,,,,,,,,,,,,,,,,,,,,,,,,,,,,,3.0,1.232,59.155,61.521,8.0,6.0,28.831,31.657,32.856,2.0,1.0,2.0,1.284,96.682,98.523,8.0,1.0,0.958,63.706,66.168,3.0,2.0,1.144,47.408,49.29,3.0,2.0,1.321,27.339,29.5,4.0,3,3,2.951,9.16,11.235,3,,,,,,,,,1.611,114.578,121.084,5.0,APP,Graph_expl
76,1310,1,1,1,1,2,2,1.0,7.835,103.803,115.001,6.0,1.0,57.247,57.247,57.883,1.0,1.0,93.489,93.489,94.981,1.0,5.0,17.361,17.361,18.374,1.0,4.0,34.342,34.342,35.771,1.0,5.0,10.741,10.741,14.361,1.0,7.0,34.631,34.631,36.523,1.0,4.0,7.0,1.751,34.087,38.189,4.0,1.0,33.561,33.561,34.318,1.0,1.0,3.853,3.853,5.033,1.0,2.0,39.773,39.773,41.961,1.0,2.0,3.413,3.413,5.217,1.0,,,,,,,,,,,,,,,,,,,,,,,,,,,,,,,,,,,,,,,,,,,,,,,,,,,,,,,,,,,,,,,,,,,,,,,,,,,,,,,,,,,,,,,,,,,,,,,,,,,,,,,,,,,,,,,,,,,,,,,,,,,7,7,5.968,12.32,14.013,3,3.0,88.18,89.821,91.777,2.0,1.0,68.414,68.414,72.685,1.0,4.0,2.0,133.93,171.761,176.413,2.0,1.0,13.116,13.116,17.833,1.0,1.0,27.079,27.079,28.212,1.0,2.0,20.796,20.796,23.824,1.0,,,,,,,,,,,,,,,,,,,,,,,,,,,,,,,,,,,,,,,,,,,,,,,,,,,,,,,,,,,,,,,2,1,3.39,5.567,8.107,2,25.549,25.549,98.457,1.0,,,,,,,,,ADD,Text_expl
77,1322,1,1,1,1,2,1,4.0,55.867,55.867,57.094,1.0,1.0,58.708,58.708,61.4,1.0,5.0,34.641,34.641,36.028,1.0,5.0,5.394,5.394,7.386,1.0,5.0,38.768,38.768,40.642,1.0,5.0,2.249,2.249,4.121,1.0,3.0,23.944,39.241,40.687,3.0,4.0,7.0,8.108,22.507,27.033,4.0,1.0,17.249,17.249,19.951,1.0,1.0,3.36,3.36,4.645,1.0,2.0,78.17,78.17,80.151,1.0,2.0,7.268,7.268,8.763,1.0,,,,,,,,,,,,,,,,,,,,,,,,,,,,,,,,,,,,,,,,,,,,,,,,,,,,,,,,,,,,,,,,,,,,,,,,,,,,,,,,,,,,,,,,,,,,,,,,,,,,,,,,,,,,,,,,,,,,,,,,,,,7,7,6.097,11.455,14.343,2,3.0,144.547,144.547,145.771,1.0,1.0,70.522,70.522,73.073,1.0,2.0,2.0,66.562,283.86,315.728,3.0,3.0,32.707,32.707,72.623,1.0,1.0,103.059,103.059,104.882,1.0,2.0,73.379,73.379,75.117,1.0,,,,,,,,,,,,,,,,,,,,,,,,,,,,,,,,,,,,,,,,,,,,,,,,,,,,,,,,,,,,,,,7,7,4.573,6.51,8.163,2,21.834,22.587,66.319,2.0,,,,,,,,,ADD,No_expl
78,1252,1,1,1,1,3,2,,,,,,,,,,,,,,,,,,,,,,,,,,,,,,,,,,,,,,,,,,,,,,,,,,,,,,,,,,,,,,,,,,,,,,,,,,,,,,,,,,,,,,,,,,,,,,,,,,,,,,,,,,,,,,,,,,,,,,,,,,,3.0,189.534,192.493,195.611,2.0,3.0,16.974,38.83,41.302,3.0,7.0,35.164,35.164,37.604,1.0,3.0,9.869,9.869,12.702,1.0,1.0,27.071,27.071,29.056,1.0,1.0,7.691,7.691,9.601,1.0,6.0,40.444,40.444,43.402,1.0,4.0,3.0,9.665,22.272,25.658,2.0,7.0,24.907,24.907,26.704,1.0,7.0,4.896,4.896,7.103,1.0,1.0,22.44,22.44,25.041,1.0,1.0,5.907,5.907,7.656,1.0,5,4,6.122,12.192,14.496,2,,,,,,,,,,,,,,,,,,,,,,,,,,,,,,,,,,,,,,,,,,,,,,,,,,,,,,,,,,,,,,,3.0,55.727,55.727,57.204,1.0,6.0,38.596,38.596,40.703,1.0,4.0,2.0,116.644,130.914,132.105,3.0,3.0,10.198,10.198,11.868,1.0,1.0,56.426,56.426,59.002,1.0,2.0,34.589,34.589,36.905,1.0,6,6,5.838,12.271,13.975,4,,,,,,,,,15.613,15.613,92.855,1.0,APP,Text_expl
79,1073,1,1,1,1,2,2,6.0,95.835,97.141,97.563,2.0,3.0,68.896,69.244,70.214,2.0,5.0,30.886,30.886,32.466,1.0,1.0,59.393,59.393,60.427,1.0,5.0,14.277,14.277,17.617,1.0,5.0,2.426,5.096,9.198,2.0,4.0,30.945,30.945,31.888,1.0,4.0,4.0,12.599,64.453,65.421,2.0,1.0,19.123,19.123,20.214,1.0,1.0,12.394,12.394,14.116,1.0,2.0,12.662,12.662,13.542,1.0,2.0,5.168,5.168,6.34,1.0,,,,,,,,,,,,,,,,,,,,,,,,,,,,,,,,,,,,,,,,,,,,,,,,,,,,,,,,,,,,,,,,,,,,,,,,,,,,,,,,,,,,,,,,,,,,,,,,,,,,,,,,,,,,,,,,,,,,,,,,,,,7,7,2.891,8.293,9.582,5,3.0,19.609,19.609,20.4,1.0,3.0,29.923,29.923,30.911,1.0,3.0,2.0,63.986,80.515,85.023,2.0,3.0,42.435,42.435,47.62,1.0,1.0,34.013,34.013,34.959,1.0,2.0,20.288,20.288,21.407,1.0,,,,,,,,,,,,,,,,,,,,,,,,,,,,,,,,,,,,,,,,,,,,,,,,,,,,,,,,,,,,,,,7,7,2.463,3.247,5.55,2,18.877,18.877,79.201,1.0,,,,,,,,,ADD,Text_expl
80,1049,1,1,1,1,2,1,,,,,,,,,,,,,,,,,,,,,,,,,,,,,,,,,,,,,,,,,,,,,,,,,,,,,,,,,,,,,,,,,,,,,,,,,,,,,,,,,,,,,,,,,,,,,,,,,,,,,,,,,,,,,,,,,,,,,,,,,,,3.0,99.788,99.788,102.517,1.0,3.0,14.109,14.109,15.478,1.0,7.0,43.265,43.265,111.479,1.0,7.0,13.413,13.413,15.077,1.0,1.0,27.437,27.437,59.879,1.0,1.0,4.262,4.262,5.375,1.0,6.0,20.88,21.884,58.09,2.0,4.0,6.0,21.766,27.247,31.72,2.0,7.0,15.208,15.208,33.051,1.0,7.0,3.786,3.786,5.354,1.0,3.0,22.696,39.214,47.778,2.0,3.0,2.693,2.693,5.444,1.0,6,6,6.624,10.204,11.625,2,,,,,,,,,,,,,,,,,,,,,,,,,,,,,,,,,,,,,,,,,,,,,,,,,,,,,,,,,,,,,,,3.0,19.152,19.845,43.001,2.0,6.0,20.753,20.753,30.325,1.0,2.0,2.0,60.689,91.185,92.752,2.0,4.0,45.972,45.972,47.619,1.0,1.0,35.144,35.144,36.382,1.0,2.0,34.172,34.172,54.384,1.0,6,6,4.068,5.061,7.903,2,,,,,,,,,45.28,45.28,81.702,1.0,APP,Text_expl
81,1305,1,1,1,1,1,1,,,,,,,,,,,,,,,,,,,,,,,,,,,,,,,,,,,,,,,,,,,,,,,,,,,,,,,,,,,,,,,,,,,,,,,,,,,,,,,,,,,,,,,,,,,,,,,,,,,,,,,,,,,,,,,,,,,,,,,,,,,3.0,3.094,123.109,125.543,8.0,3.0,2.854,17.474,18.602,4.0,3.0,21.473,139.13,140.495,4.0,3.0,4.198,38.065,39.2,6.0,1.0,6.869,71.121,71.845,6.0,1.0,3.867,14.486,15.426,7.0,6.0,11.445,78.497,79.722,4.0,4.0,3.0,4.576,49.66,52.897,7.0,7.0,8.764,90.758,91.905,3.0,7.0,3.687,5.643,6.328,3.0,3.0,3.526,59.184,60.147,4.0,3.0,3.158,6.241,7.329,3.0,6,5,15.287,24.054,24.942,5,,,,,,,,,,,,,,,,,,,,,,,,,,,,,,,,,,,,,,,,,,,,,,,,,,,,,,,,,,,,,,,3.0,12.951,36.49,37.072,4.0,6.0,5.336,29.124,30.147,5.0,2.0,2.0,12.098,90.17,92.692,6.0,4.0,20.301,23.184,24.235,3.0,2.0,6.863,31.581,32.513,4.0,2.0,7.039,26.884,27.888,3.0,6,6,3.416,6.324,7.374,3,,,,,,,,,3.019,109.625,111.377,7.0,APP,Text_expl
82,951,1,1,1,1,1,2,1.0,135.583,135.583,137.423,1.0,1.0,22.279,22.279,23.93,1.0,5.0,67.43,68.006,69.074,2.0,5.0,3.435,3.435,5.057,1.0,4.0,32.955,32.955,34.559,1.0,4.0,6.902,6.902,8.421,1.0,7.0,35.487,35.487,36.614,1.0,4.0,7.0,4.684,21.291,24.565,3.0,1.0,27.076,27.076,28.211,1.0,1.0,3.929,3.929,6.691,1.0,2.0,27.974,27.974,30.017,1.0,2.0,6.337,6.337,10.234,1.0,,,,,,,,,,,,,,,,,,,,,,,,,,,,,,,,,,,,,,,,,,,,,,,,,,,,,,,,,,,,,,,,,,,,,,,,,,,,,,,,,,,,,,,,,,,,,,,,,,,,,,,,,,,,,,,,,,,,,,,,,,,7,6,5.565,9.524,10.529,2,3.0,59.622,59.622,60.719,1.0,1.0,28.788,28.788,31.819,1.0,4.0,2.0,48.249,93.347,105.057,2.0,2.0,4.113,4.113,5.247,1.0,1.0,25.152,25.152,27.714,1.0,2.0,13.415,13.415,14.675,1.0,,,,,,,,,,,,,,,,,,,,,,,,,,,,,,,,,,,,,,,,,,,,,,,,,,,,,,,,,,,,,,,5,5,7.161,11.981,14.228,2,35.679,35.679,71.361,1.0,,,,,,,,,ADD,Text_expl
83,332,1,1,1,1,1,1,,,,,,,,,,,,,,,,,,,,,,,,,,,,,,,,,,,,,,,,,,,,,,,,,,,,,,,,,,,,,,,,,,,,,,,,,,,,,,,,,,,,,,,,,,,,,,,,,,,,,,,,,,,,,,,,,,,,,,,,,,,5.0,5.138,47.222,48.261,4.0,2.0,16.546,18.657,19.224,3.0,5.0,3.613,4.52,5.733,2.0,1.0,3.996,9.945,10.706,5.0,5.0,2.835,6.667,7.444,4.0,3.0,1.54,3.283,4.849,3.0,1.0,1.426,4.261,5.287,3.0,4.0,2.0,2.22,18.434,19.465,8.0,5.0,2.568,3.739,4.831,2.0,7.0,2.417,4.818,7.251,3.0,3.0,1.89,4.106,5.025,3.0,4.0,1.748,2.887,3.622,2.0,3,2,2.852,5.849,6.66,3,,,,,,,,,,,,,,,,,,,,,,,,,,,,,,,,,,,,,,,,,,,,,,,,,,,,,,,,,,,,,,,3.0,3.429,5.765,6.56,3.0,2.0,7.582,10.166,10.738,3.0,3.0,2.0,4.181,25.982,26.504,7.0,1.0,1.834,9.002,9.674,4.0,1.0,1.765,6.86,8.127,2.0,1.0,1.626,3.405,5.455,2.0,1,1,1.882,6.332,7.616,5,,,,,,,,,20.723,21.455,47.33,2.0,APP,Text_expl
84,1226,1,1,1,1,2,1,1.0,167.884,167.884,169.779,1.0,3.0,27.834,27.834,29.891,1.0,5.0,72.163,72.163,73.911,1.0,4.0,20.683,20.683,23.289,1.0,5.0,125.097,125.097,126.65,1.0,4.0,17.942,17.942,19.027,1.0,4.0,30.504,30.504,35.949,1.0,4.0,4.0,6.14,34.214,36.858,2.0,1.0,27.364,27.364,28.783,1.0,5.0,12.664,18.677,23.071,2.0,2.0,2.926,27.102,29.267,5.0,4.0,14.809,14.809,16.199,1.0,,,,,,,,,,,,,,,,,,,,,,,,,,,,,,,,,,,,,,,,,,,,,,,,,,,,,,,,,,,,,,,,,,,,,,,,,,,,,,,,,,,,,,,,,,,,,,,,,,,,,,,,,,,,,,,,,,,,,,,,,,,5,4,4.357,7.894,9.703,3,3.0,23.946,23.946,25.842,1.0,5.0,21.472,21.472,22.815,1.0,2.0,2.0,193.195,204.404,207.088,2.0,3.0,15.094,15.094,22.471,1.0,1.0,26.891,27.613,28.662,2.0,2.0,20.383,20.383,21.617,1.0,,,,,,,,,,,,,,,,,,,,,,,,,,,,,,,,,,,,,,,,,,,,,,,,,,,,,,,,,,,,,,,4,4,2.207,3.915,5.364,2,28.802,81.445,89.258,6.0,,,,,,,,,ADD,Text_expl
85,1370,1,1,1,1,1,2,3.0,9.097,158.984,159.582,4.0,3.0,28.53,28.53,30.607,1.0,4.0,73.987,73.987,75.47,1.0,4.0,6.385,6.385,8.035,1.0,5.0,60.572,60.572,61.436,1.0,5.0,1.707,1.707,8.038,1.0,7.0,53.999,53.999,55.099,1.0,4.0,7.0,7.318,17.001,19.837,2.0,1.0,22.682,22.682,23.674,1.0,1.0,1.636,1.636,4.547,1.0,2.0,41.155,42.375,43.217,2.0,2.0,3.438,9.301,9.808,3.0,,,,,,,,,,,,,,,,,,,,,,,,,,,,,,,,,,,,,,,,,,,,,,,,,,,,,,,,,,,,,,,,,,,,,,,,,,,,,,,,,,,,,,,,,,,,,,,,,,,,,,,,,,,,,,,,,,,,,,,,,,,5,5,7.142,10.807,11.984,2,6.0,66.759,66.759,70.058,1.0,1.0,37.692,37.692,38.703,1.0,3.0,2.0,53.037,60.502,63.512,2.0,2.0,166.393,166.393,167.92,1.0,2.0,19.015,52.926,54.317,2.0,1.0,32.227,35.45,36.277,6.0,,,,,,,,,,,,,,,,,,,,,,,,,,,,,,,,,,,,,,,,,,,,,,,,,,,,,,,,,,,,,,,5,5,5.191,7.68,9.868,2,98.215,98.215,177.024,1.0,,,,,,,,,ADD,No_expl
86,1187,1,1,1,1,3,2,,,,,,,,,,,,,,,,,,,,,,,,,,,,,,,,,,,,,,,,,,,,,,,,,,,,,,,,,,,,,,,,,,,,,,,,,,,,,,,,,,,,,,,,,,,,,,,,,,,,,,,,,,,,,,,,,,,,,,,,,,,3.0,97.767,98.686,99.477,2.0,3.0,10.193,10.193,10.858,1.0,7.0,102.929,103.464,103.604,2.0,7.0,52.44,52.44,53.201,1.0,4.0,147.425,147.425,147.948,1.0,1.0,18.767,18.767,19.543,1.0,6.0,27.903,27.903,28.404,1.0,4.0,6.0,10.863,19.112,20.149,3.0,2.0,48.4,48.4,48.972,1.0,2.0,6.138,6.138,6.854,1.0,3.0,48.335,48.335,49.422,1.0,3.0,3.636,3.636,4.296,1.0,7,7,1.978,4.195,4.763,2,,,,,,,,,,,,,,,,,,,,,,,,,,,,,,,,,,,,,,,,,,,,,,,,,,,,,,,,,,,,,,,3.0,38.625,54.85,64.051,3.0,6.0,48.886,48.886,49.401,1.0,4.0,2.0,128.913,158.573,160.797,2.0,4.0,60.364,60.364,62.04,1.0,2.0,46.191,46.191,46.683,1.0,2.0,18.508,18.508,21.094,1.0,3,2,3.97,6.575,7.344,3,,,,,,,,,45.9,45.9,71.408,1.0,APP,Graph_expl
87,1230,1,1,1,1,2,1,1.0,127.924,131.724,135.822,2.0,1.0,29.201,32.021,51.885,2.0,5.0,58.467,60.253,63.113,2.0,5.0,10.335,11.103,14.603,2.0,5.0,26.232,27.701,30.451,2.0,5.0,6.524,7.413,10.279,2.0,7.0,32.365,33.097,35.556,2.0,4.0,7.0,1.413,23.208,24.931,7.0,1.0,3.072,39.641,42.426,4.0,1.0,6.753,12.078,14.984,3.0,2.0,1.558,42.286,45.284,5.0,2.0,1.668,6.564,11.578,2.0,,,,,,,,,,,,,,,,,,,,,,,,,,,,,,,,,,,,,,,,,,,,,,,,,,,,,,,,,,,,,,,,,,,,,,,,,,,,,,,,,,,,,,,,,,,,,,,,,,,,,,,,,,,,,,,,,,,,,,,,,,,6,6,9.145,15.866,16.932,3,7.0,6.516,143.727,154.823,7.0,1.0,1.35,60.451,62.679,4.0,3.0,2.0,79.532,153.741,156.026,8.0,2.0,2.946,17.521,19.954,3.0,1.0,3.302,34.031,35.727,4.0,2.0,17.438,18.195,20.46,2.0,,,,,,,,,,,,,,,,,,,,,,,,,,,,,,,,,,,,,,,,,,,,,,,,,,,,,,,,,,,,,,,7,7,4.04,9.171,10.49,4,3.126,120.448,124.006,10.0,,,,,,,,,ADD,Text_expl
88,1496,1,1,1,1,2,1,1.0,149.302,152.516,154.362,2.0,1.0,16.909,16.909,18.58,1.0,5.0,77.79,85.485,87.931,5.0,5.0,26.333,27.664,29.899,2.0,5.0,40.995,44.343,46.245,2.0,5.0,8.03,8.03,10.204,1.0,7.0,1.183,88.397,89.7,3.0,4.0,7.0,1.393,28.6,30.119,4.0,1.0,54.525,58.472,59.962,2.0,1.0,13.155,14.617,16.165,2.0,2.0,91.637,94.919,96.778,2.0,2.0,6.834,6.834,9.473,1.0,,,,,,,,,,,,,,,,,,,,,,,,,,,,,,,,,,,,,,,,,,,,,,,,,,,,,,,,,,,,,,,,,,,,,,,,,,,,,,,,,,,,,,,,,,,,,,,,,,,,,,,,,,,,,,,,,,,,,,,,,,,6,6,4.727,9.538,11.876,3,3.0,126.326,131.171,132.808,2.0,1.0,89.626,92.303,93.576,2.0,3.0,2.0,113.17,119.763,122.003,3.0,3.0,71.756,71.756,73.054,1.0,1.0,65.123,65.123,66.55,1.0,2.0,25.686,27.567,30.575,2.0,,,,,,,,,,,,,,,,,,,,,,,,,,,,,,,,,,,,,,,,,,,,,,,,,,,,,,,,,,,,,,,5,5,9.676,13.834,15.176,3,67.932,67.932,99.473,1.0,,,,,,,,,ADD,Text_expl
89,1407,1,1,1,1,2,2,1.0,95.385,95.385,122.603,1.0,3.0,19.613,75.05,76.72,3.0,5.0,88.733,88.733,90.186,1.0,7.0,75.826,77.277,78.478,2.0,5.0,47.904,47.904,49.04,1.0,4.0,2.232,2.232,5.546,1.0,7.0,33.929,33.929,35.832,1.0,4.0,3.0,6.519,31.852,34.072,3.0,1.0,40.991,40.991,46.263,1.0,2.0,6.403,6.403,8.022,1.0,2.0,64.239,64.239,66.911,1.0,3.0,7.679,7.679,9.149,1.0,,,,,,,,,,,,,,,,,,,,,,,,,,,,,,,,,,,,,,,,,,,,,,,,,,,,,,,,,,,,,,,,,,,,,,,,,,,,,,,,,,,,,,,,,,,,,,,,,,,,,,,,,,,,,,,,,,,,,,,,,,,6,6,8.361,12.53,14.613,2,6.0,63.274,63.274,64.901,1.0,1.0,34.639,34.639,35.773,1.0,2.0,2.0,221.476,238.811,240.531,2.0,3.0,10.236,10.236,11.439,1.0,2.0,44.03,44.03,45.575,1.0,2.0,35.912,37.656,38.342,2.0,,,,,,,,,,,,,,,,,,,,,,,,,,,,,,,,,,,,,,,,,,,,,,,,,,,,,,,,,,,,,,,6,7,3.825,6.129,7.996,2,33.177,124.866,125.456,3.0,,,,,,,,,ADD,Text_expl
90,1022,1,1,1,1,3,1,,,,,,,,,,,,,,,,,,,,,,,,,,,,,,,,,,,,,,,,,,,,,,,,,,,,,,,,,,,,,,,,,,,,,,,,,,,,,,,,,,,,,,,,,,,,,,,,,,,,,,,,,,,,,,,,,,,,,,,,,,,1.0,151.234,151.234,152.347,1.0,3.0,36.128,36.128,37.085,1.0,3.0,26.214,26.214,26.962,1.0,3.0,8.123,8.123,8.837,1.0,2.0,28.037,28.037,28.774,1.0,1.0,6.772,6.772,10.188,1.0,4.0,31.738,31.738,32.458,1.0,4.0,3.0,7.867,15.897,17.116,3.0,7.0,26.301,26.301,27.351,1.0,7.0,4.458,4.458,5.099,1.0,1.0,15.529,15.529,16.725,1.0,3.0,7.629,7.629,23.059,1.0,6,6,3.246,4.75,6.379,2,,,,,,,,,,,,,,,,,,,,,,,,,,,,,,,,,,,,,,,,,,,,,,,,,,,,,,,,,,,,,,,3.0,54.064,54.064,54.8,1.0,6.0,57.17,57.17,57.915,1.0,2.0,2.0,18.219,52.364,56.495,2.0,4.0,30.383,99.523,103.301,4.0,2.0,39.712,39.712,40.643,1.0,2.0,92.902,92.902,93.662,1.0,6,6,3.132,4.189,5.465,2,,,,,,,,,62.701,62.701,162.059,1.0,APP,Graph_expl
91,1354,1,1,1,1,2,1,1.0,69.924,69.924,70.978,1.0,1.0,10.238,10.238,12.468,1.0,5.0,84.663,84.663,85.767,1.0,5.0,3.971,3.971,6.913,1.0,5.0,83.726,83.726,85.133,1.0,5.0,3.266,3.266,5.324,1.0,7.0,62.479,62.479,63.219,1.0,4.0,7.0,3.312,14.873,18.726,3.0,1.0,74.368,74.368,75.285,1.0,1.0,3.862,3.862,4.764,1.0,2.0,80.617,80.617,81.574,1.0,2.0,13.121,13.121,14.234,1.0,,,,,,,,,,,,,,,,,,,,,,,,,,,,,,,,,,,,,,,,,,,,,,,,,,,,,,,,,,,,,,,,,,,,,,,,,,,,,,,,,,,,,,,,,,,,,,,,,,,,,,,,,,,,,,,,,,,,,,,,,,,7,7,4.231,6.16,6.808,2,6.0,90.558,90.558,98.107,1.0,1.0,14.829,14.829,67.114,1.0,2.0,2.0,13.743,136.589,169.483,2.0,3.0,117.13,117.13,127.516,1.0,1.0,67.285,67.285,68.652,1.0,2.0,41.136,41.136,42.62,1.0,,,,,,,,,,,,,,,,,,,,,,,,,,,,,,,,,,,,,,,,,,,,,,,,,,,,,,,,,,,,,,,7,7,5.12,6.88,7.614,2,16.419,16.419,131.578,1.0,,,,,,,,,ADD,Text_expl
92,420,1,1,1,1,2,1,1.0,3.762,56.198,56.47,6.0,1.0,4.005,4.005,5.353,1.0,5.0,18.467,19.017,19.349,2.0,5.0,1.456,1.456,2.334,1.0,5.0,2.885,16.145,16.657,4.0,5.0,1.828,1.828,2.71,1.0,4.0,12.008,12.511,12.821,2.0,4.0,7.0,9.251,11.714,12.337,3.0,1.0,11.434,11.434,12.099,1.0,1.0,1.207,1.666,1.943,2.0,2.0,7.682,7.682,8.159,1.0,2.0,1.734,2.514,2.836,2.0,,,,,,,,,,,,,,,,,,,,,,,,,,,,,,,,,,,,,,,,,,,,,,,,,,,,,,,,,,,,,,,,,,,,,,,,,,,,,,,,,,,,,,,,,,,,,,,,,,,,,,,,,,,,,,,,,,,,,,,,,,,6,6,2.459,3.986,4.284,3,1.0,21.911,21.911,22.513,1.0,3.0,8.4,8.776,9.632,2.0,2.0,2.0,59.736,86.768,88.1,2.0,3.0,8.562,8.562,19.138,1.0,1.0,2.439,17.157,19.67,2.0,2.0,11.433,11.433,12.168,1.0,,,,,,,,,,,,,,,,,,,,,,,,,,,,,,,,,,,,,,,,,,,,,,,,,,,,,,,,,,,,,,,5,5,1.732,2.236,2.9,2,6.613,15.025,25.162,5.0,,,,,,,,,ADD,Text_expl
93,823,1,1,1,1,2,2,,,,,,,,,,,,,,,,,,,,,,,,,,,,,,,,,,,,,,,,,,,,,,,,,,,,,,,,,,,,,,,,,,,,,,,,,,,,,,,,,,,,,,,,,,,,,,,,,,,,,,,,,,,,,,,,,,,,,,,,,,,3.0,2.822,63.782,72.018,31.0,3.0,1.123,8.843,10.2,15.0,3.0,2.115,49.387,51.726,8.0,3.0,5.276,5.956,7.311,2.0,1.0,0.817,46.001,47.396,5.0,1.0,4.668,4.668,7.551,1.0,6.0,2.281,33.353,34.452,3.0,4.0,6.0,2.068,13.34,14.143,3.0,7.0,0.842,31.617,32.397,6.0,7.0,1.739,1.739,2.495,1.0,1.0,28.718,28.718,29.977,1.0,3.0,1.414,10.926,11.769,2.0,3,5,1.813,11.157,12.136,11,,,,,,,,,,,,,,,,,,,,,,,,,,,,,,,,,,,,,,,,,,,,,,,,,,,,,,,,,,,,,,,3.0,2.615,20.4,25.955,11.0,6.0,21.387,21.387,22.054,1.0,2.0,2.0,3.053,60.878,99.481,24.0,4.0,39.995,103.874,115.462,3.0,2.0,2.413,53.773,55.953,15.0,2.0,19.881,19.881,20.876,1.0,3,4,2.27,3.919,5.057,2,,,,,,,,,2.228,45.477,92.56,16.0,APP,Graph_expl
94,1376,1,1,1,1,1,1,2.0,26.893,126.711,128.972,2.0,3.0,34.428,35.245,38.072,2.0,4.0,39.295,39.295,40.449,1.0,4.0,11.536,12.235,14.661,2.0,5.0,77.214,77.846,79.933,2.0,4.0,11.51,11.51,13.42,1.0,7.0,84.205,85.451,87.361,2.0,4.0,4.0,8.884,17.818,19.077,3.0,1.0,59.023,59.023,60.778,1.0,2.0,11.239,18.928,20.468,3.0,2.0,64.706,64.706,66.093,1.0,3.0,9.012,9.012,10.431,1.0,,,,,,,,,,,,,,,,,,,,,,,,,,,,,,,,,,,,,,,,,,,,,,,,,,,,,,,,,,,,,,,,,,,,,,,,,,,,,,,,,,,,,,,,,,,,,,,,,,,,,,,,,,,,,,,,,,,,,,,,,,,6,7,5.178,10.447,11.551,3,3.0,93.811,94.56,96.423,2.0,1.0,72.806,72.806,74.017,1.0,3.0,2.0,31.773,232.12,242.688,8.0,2.0,8.023,8.023,11.701,1.0,1.0,91.382,96.045,96.945,3.0,2.0,44.027,44.027,45.296,1.0,,,,,,,,,,,,,,,,,,,,,,,,,,,,,,,,,,,,,,,,,,,,,,,,,,,,,,,,,,,,,,,6,5,3.302,6.162,7.235,3,13.221,13.221,88.428,1.0,,,,,,,,,ADD,No_expl
95,1608,1,1,1,1,5,2,1.0,162.014,193.81,198.295,3.0,1.0,64.958,64.958,68.195,1.0,5.0,86.723,86.723,89.11,1.0,5.0,4.052,43.373,46.276,2.0,5.0,30.024,30.024,32.389,1.0,5.0,15.306,15.306,19.016,1.0,4.0,37.485,37.485,40.412,1.0,4.0,4.0,9.918,45.902,47.829,3.0,1.0,30.519,30.519,35.36,1.0,1.0,24.006,25.19,28.448,2.0,2.0,40.8,40.8,44.439,1.0,2.0,2.07,22.988,25.655,2.0,,,,,,,,,,,,,,,,,,,,,,,,,,,,,,,,,,,,,,,,,,,,,,,,,,,,,,,,,,,,,,,,,,,,,,,,,,,,,,,,,,,,,,,,,,,,,,,,,,,,,,,,,,,,,,,,,,,,,,,,,,,6,5,7.98,34.021,36.22,5,3.0,91.327,91.327,94.804,1.0,3.0,9.184,70.224,72.623,3.0,1.0,2.0,123.926,137.64,140.37,2.0,3.0,142.058,142.058,143.339,1.0,1.0,33.165,34.587,37.16,2.0,2.0,18.876,18.876,21.979,1.0,,,,,,,,,,,,,,,,,,,,,,,,,,,,,,,,,,,,,,,,,,,,,,,,,,,,,,,,,,,,,,,5,6,8.274,14.351,16.229,2,16.46,202.111,222.296,10.0,,,,,,,,,ADD,No_expl
96,1680,1,1,1,1,1,1,1.0,7.164,142.63,144.173,9.0,1.0,6.646,38.039,38.581,9.0,5.0,6.452,76.645,77.368,9.0,5.0,3.191,5.605,6.399,3.0,5.0,4.407,54.652,55.2,11.0,5.0,1.635,3.1,3.944,4.0,4.0,3.435,24.95,25.501,9.0,4.0,7.0,2.249,40.232,41.601,11.0,1.0,1.536,28.1,28.889,6.0,1.0,1.144,3.05,3.701,4.0,2.0,0.745,22.476,23.143,6.0,2.0,1.203,2.931,3.568,3.0,,,,,,,,,,,,,,,,,,,,,,,,,,,,,,,,,,,,,,,,,,,,,,,,,,,,,,,,,,,,,,,,,,,,,,,,,,,,,,,,,,,,,,,,,,,,,,,,,,,,,,,,,,,,,,,,,,,,,,,,,,,6,6,5.588,13.386,13.801,9,3.0,77.398,78.764,79.454,3.0,1.0,74.728,80.476,81.1,4.0,2.0,2.0,11.941,255.385,256.184,53.0,3.0,1.358,113.673,116.15,19.0,1.0,34.388,34.869,35.501,2.0,2.0,46.973,47.597,48.196,2.0,,,,,,,,,,,,,,,,,,,,,,,,,,,,,,,,,,,,,,,,,,,,,,,,,,,,,,,,,,,,,,,6,6,4.276,10.111,10.776,7,41.12,250.891,359.559,40.0,,,,,,,,,ADD,Text_expl
97,1494,1,1,1,1,1,1,,,,,,,,,,,,,,,,,,,,,,,,,,,,,,,,,,,,,,,,,,,,,,,,,,,,,,,,,,,,,,,,,,,,,,,,,,,,,,,,,,,,,,,,,,,,,,,,,,,,,,,,,,,,,,,,,,,,,,,,,,,3.0,94.887,112.511,113.608,2.0,3.0,135.047,135.047,157.474,1.0,7.0,33.143,33.143,34.409,1.0,3.0,5.893,5.893,7.152,1.0,1.0,50.687,50.687,58.302,1.0,1.0,66.433,66.433,67.488,1.0,6.0,53.386,53.386,54.143,1.0,4.0,3.0,27.18,48.274,49.563,2.0,7.0,15.869,15.869,16.756,1.0,7.0,1.705,1.705,2.427,1.0,3.0,18.662,18.662,19.453,1.0,3.0,1.826,1.826,2.988,1.0,7,7,68.089,71.544,74.693,2,,,,,,,,,,,,,,,,,,,,,,,,,,,,,,,,,,,,,,,,,,,,,,,,,,,,,,,,,,,,,,,3.0,14.891,14.891,19.546,1.0,5.0,19.477,20.386,21.159,2.0,2.0,2.0,76.1,132.901,133.803,3.0,3.0,72.716,72.716,73.652,1.0,1.0,45.295,100.569,101.497,2.0,1.0,11.804,12.29,13.381,2.0,7,7,2.56,5.902,7.004,2,,,,,,,,,54.314,116.927,136.922,4.0,APP,Graph_expl
98,1704,1,1,1,1,2,1,1.0,0.968,190.897,192.769,49.0,1.0,1.177,8.309,9.399,8.0,5.0,1.0,110.489,110.989,30.0,5.0,0.752,6.255,6.703,4.0,5.0,0.855,77.791,78.601,16.0,5.0,0.739,5.476,7.199,5.0,4.0,0.66,65.781,66.198,16.0,4.0,7.0,0.549,41.488,42.852,17.0,1.0,0.691,58.378,59.251,11.0,1.0,0.929,4.046,4.994,2.0,2.0,0.844,64.279,65.038,22.0,2.0,0.605,3.238,3.864,3.0,,,,,,,,,,,,,,,,,,,,,,,,,,,,,,,,,,,,,,,,,,,,,,,,,,,,,,,,,,,,,,,,,,,,,,,,,,,,,,,,,,,,,,,,,,,,,,,,,,,,,,,,,,,,,,,,,,,,,,,,,,,7,7,1.287,10.921,11.358,8,3.0,1.216,100.87,101.977,22.0,1.0,1.346,119.898,120.404,28.0,2.0,2.0,1.856,168.607,169.873,77.0,2.0,0.69,190.733,192.35,57.0,1.0,0.753,66.509,67.87,12.0,2.0,0.23,64.516,65.402,9.0,,,,,,,,,,,,,,,,,,,,,,,,,,,,,,,,,,,,,,,,,,,,,,,,,,,,,,,,,,,,,,,7,7,1.346,6.347,8.196,8,3.126,170.905,173.362,32.0,,,,,,,,,ADD,No_expl
100,1545,1,1,1,1,5,2,1.0,4.221,255.116,257.891,27.0,1.0,5.99,15.906,18.636,14.0,1.0,4.172,106.137,108.164,18.0,5.0,4.672,23.931,25.824,10.0,4.0,4.041,81.765,83.641,12.0,4.0,3.589,12.532,14.347,11.0,7.0,3.945,71.89,73.201,8.0,4.0,7.0,3.618,22.983,24.849,13.0,2.0,3.828,54.655,56.739,18.0,1.0,3.725,9.537,11.201,9.0,2.0,3.312,60.739,63.641,21.0,2.0,3.155,6.646,8.579,2.0,,,,,,,,,,,,,,,,,,,,,,,,,,,,,,,,,,,,,,,,,,,,,,,,,,,,,,,,,,,,,,,,,,,,,,,,,,,,,,,,,,,,,,,,,,,,,,,,,,,,,,,,,,,,,,,,,,,,,,,,,,,6,6,4.595,9.975,12.557,5,3.0,5.463,65.94,68.058,11.0,1.0,4.468,61.918,63.793,7.0,4.0,2.0,3.288,219.734,221.966,17.0,2.0,3.264,102.687,104.341,13.0,1.0,6.457,49.97,51.872,8.0,2.0,6.627,64.441,66.095,3.0,,,,,,,,,,,,,,,,,,,,,,,,,,,,,,,,,,,,,,,,,,,,,,,,,,,,,,,,,,,,,,,6,6,5.773,10.307,11.737,8,8.988,72.408,95.333,14.0,,,,,,,,,ADD,Text_expl
101,1814,1,1,1,1,5,1,1.0,26.277,210.796,212.427,8.0,3.0,14.485,91.808,94.709,6.0,3.0,16.105,73.761,75.088,5.0,6.0,5.5,28.664,30.098,7.0,5.0,4.265,126.13,127.594,5.0,2.0,14.814,25.947,26.962,3.0,7.0,8.271,122.485,123.503,5.0,4.0,4.0,8.065,28.041,29.126,5.0,2.0,7.05,102.961,104.846,3.0,2.0,13.354,19.539,21.678,3.0,2.0,12.928,114.453,116.024,4.0,3.0,7.853,30.132,32.137,2.0,,,,,,,,,,,,,,,,,,,,,,,,,,,,,,,,,,,,,,,,,,,,,,,,,,,,,,,,,,,,,,,,,,,,,,,,,,,,,,,,,,,,,,,,,,,,,,,,,,,,,,,,,,,,,,,,,,,,,,,,,,,6,6,6.768,14.402,15.745,3,3.0,11.742,130.341,131.631,5.0,1.0,12.526,91.948,93.101,5.0,4.0,2.0,12.133,144.028,145.235,10.0,3.0,8.839,21.803,23.567,3.0,1.0,12.73,33.086,34.254,4.0,2.0,3.455,23.146,24.505,4.0,,,,,,,,,,,,,,,,,,,,,,,,,,,,,,,,,,,,,,,,,,,,,,,,,,,,,,,,,,,,,,,3,3,6.003,14.594,15.334,4,23.259,167.005,172.573,9.0,,,,,,,,,ADD,No_expl
102,1000,1,1,1,1,2,1,1.0,3.182,121.491,122.675,18.0,1.0,0.849,13.312,14.289,9.0,5.0,5.555,78.674,79.301,18.0,1.0,0.228,4.179,5.057,7.0,5.0,1.202,51.457,52.103,17.0,5.0,0.523,11.626,12.681,14.0,7.0,2.135,49.951,50.601,13.0,4.0,7.0,0.344,22.49,23.301,19.0,1.0,1.556,45.922,46.733,8.0,1.0,0.321,7.031,7.793,7.0,2.0,1.369,30.045,30.902,12.0,2.0,0.116,3.987,4.829,7.0,,,,,,,,,,,,,,,,,,,,,,,,,,,,,,,,,,,,,,,,,,,,,,,,,,,,,,,,,,,,,,,,,,,,,,,,,,,,,,,,,,,,,,,,,,,,,,,,,,,,,,,,,,,,,,,,,,,,,,,,,,,7,6,1.344,12.474,13.201,11,3.0,3.482,65.448,66.463,10.0,1.0,1.968,50.548,51.448,16.0,2.0,2.0,1.241,109.142,110.043,24.0,4.0,1.356,35.021,35.796,14.0,1.0,0.997,29.396,30.248,10.0,2.0,1.314,47.268,48.202,12.0,,,,,,,,,,,,,,,,,,,,,,,,,,,,,,,,,,,,,,,,,,,,,,,,,,,,,,,,,,,,,,,6,6,3.255,5.997,6.702,7,1.979,58.901,60.502,19.0,,,,,,,,,ADD,Graph_expl
103,1478,1,1,1,1,2,1,,,,,,,,,,,,,,,,,,,,,,,,,,,,,,,,,,,,,,,,,,,,,,,,,,,,,,,,,,,,,,,,,,,,,,,,,,,,,,,,,,,,,,,,,,,,,,,,,,,,,,,,,,,,,,,,,,,,,,,,,,,3.0,104.026,104.419,106.687,2.0,3.0,31.169,31.169,33.426,1.0,4.0,80.778,80.778,81.856,1.0,7.0,78.11,78.11,79.747,1.0,7.0,81.215,81.215,82.999,1.0,7.0,79.44,79.44,81.083,1.0,1.0,39.508,39.508,40.716,1.0,4.0,6.0,51.133,61.489,63.441,3.0,5.0,87.815,87.815,89.905,1.0,5.0,54.747,54.747,55.693,1.0,7.0,25.015,25.015,25.803,1.0,7.0,45.932,45.932,47.331,1.0,7,7,4.598,9.976,11.761,2,,,,,,,,,,,,,,,,,,,,,,,,,,,,,,,,,,,,,,,,,,,,,,,,,,,,,,,,,,,,,,,3.0,45.201,45.201,46.284,1.0,6.0,42.467,42.999,43.54,2.0,3.0,2.0,32.667,236.817,240.434,5.0,4.0,76.971,76.971,78.281,1.0,2.0,34.189,34.189,36.207,1.0,2.0,11.991,11.991,13.356,1.0,6,6,3.794,6.523,7.92,2,,,,,,,,,67.575,114.485,117.551,4.0,APP,Graph_expl
104,1762,1,1,1,1,5,1,3.0,5.22,103.4,105.338,4.0,1.0,6.821,31.46,32.703,4.0,5.0,15.984,92.401,94.377,3.0,5.0,7.317,9.378,11.04,2.0,5.0,6.523,71.685,73.37,4.0,5.0,5.898,9.174,10.952,2.0,4.0,4.996,65.908,67.601,3.0,4.0,7.0,12.113,31.958,34.057,7.0,2.0,1.724,44.008,46.454,3.0,1.0,1.442,21.999,24.397,3.0,2.0,1.161,60.915,63.302,3.0,2.0,1.351,6.301,8.831,3.0,,,,,,,,,,,,,,,,,,,,,,,,,,,,,,,,,,,,,,,,,,,,,,,,,,,,,,,,,,,,,,,,,,,,,,,,,,,,,,,,,,,,,,,,,,,,,,,,,,,,,,,,,,,,,,,,,,,,,,,,,,,7,7,5.054,11.716,13.463,4,3.0,72.589,73.562,75.635,2.0,1.0,1.421,53.333,55.3,3.0,3.0,2.0,28.196,367.624,370.474,11.0,1.0,85.527,275.784,277.442,5.0,1.0,1.792,90.504,92.066,4.0,2.0,35.33,36.209,38.388,2.0,,,,,,,,,,,,,,,,,,,,,,,,,,,,,,,,,,,,,,,,,,,,,,,,,,,,,,,,,,,,,,,7,7,4.25,8.655,9.746,2,18.065,44.344,78.383,2.0,,,,,,,,,ADD,Text_expl
105,1448,1,1,1,1,4,2,1.0,66.684,116.025,117.149,4.0,2.0,16.523,32.282,33.805,3.0,5.0,36.303,118.768,119.918,3.0,1.0,12.06,49.215,50.568,3.0,5.0,14.775,46.975,48.301,4.0,4.0,48.825,67.397,69.322,5.0,7.0,11.985,61.478,63.206,3.0,4.0,3.0,24.942,62.582,64.765,8.0,1.0,10.547,37.648,39.428,3.0,4.0,12.639,18.052,19.868,4.0,2.0,8.918,41.025,42.508,3.0,4.0,3.324,39.177,40.961,4.0,,,,,,,,,,,,,,,,,,,,,,,,,,,,,,,,,,,,,,,,,,,,,,,,,,,,,,,,,,,,,,,,,,,,,,,,,,,,,,,,,,,,,,,,,,,,,,,,,,,,,,,,,,,,,,,,,,,,,,,,,,,5,2,9.562,15.997,18.046,3,1.0,10.709,84.242,85.661,3.0,1.0,8.465,49.617,51.348,3.0,3.0,2.0,2.435,41.587,44.686,6.0,2.0,15.183,86.286,88.871,4.0,1.0,30.213,32.282,34.331,2.0,2.0,17.791,22.068,24.172,2.0,,,,,,,,,,,,,,,,,,,,,,,,,,,,,,,,,,,,,,,,,,,,,,,,,,,,,,,,,,,,,,,5,3,6.468,14.218,17.135,3,30.745,100.885,102.06,6.0,,,,,,,,,ADD,No_expl
106,1292,1,1,1,1,2,2,,,,,,,,,,,,,,,,,,,,,,,,,,,,,,,,,,,,,,,,,,,,,,,,,,,,,,,,,,,,,,,,,,,,,,,,,,,,,,,,,,,,,,,,,,,,,,,,,,,,,,,,,,,,,,,,,,,,,,,,,,,3.0,133.877,133.877,136.244,1.0,3.0,38.506,39.434,41.631,2.0,3.0,69.209,69.209,70.679,1.0,3.0,61.249,61.249,62.253,1.0,1.0,70.494,70.494,71.408,1.0,1.0,51.664,51.664,53.165,1.0,6.0,69.751,69.751,70.675,1.0,4.0,3.0,14.94,38.277,39.597,2.0,7.0,67.963,67.963,68.728,1.0,7.0,3.851,3.851,7.833,1.0,3.0,30.815,30.815,31.948,1.0,3.0,4.714,4.714,7.013,1.0,6,6,10.472,17.592,19.506,2,,,,,,,,,,,,,,,,,,,,,,,,,,,,,,,,,,,,,,,,,,,,,,,,,,,,,,,,,,,,,,,3.0,40.126,41.289,42.342,2.0,6.0,57.131,57.131,58.879,1.0,2.0,2.0,38.673,91.329,101.408,3.0,4.0,26.667,26.667,28.989,1.0,2.0,81.918,81.918,83.099,1.0,2.0,35.079,36.15,38.497,2.0,7,6,9.721,13.577,14.758,2,,,,,,,,,72.781,111.315,116.023,4.0,APP,Graph_expl
107,1952,1,1,1,1,3,2,1.0,10.872,85.023,85.8,8.0,1.0,4.491,15.088,16.084,4.0,5.0,17.318,113.835,114.799,3.0,5.0,2.692,3.36,4.531,2.0,2.0,3.426,33.351,34.618,6.0,2.0,1.436,12.561,13.125,7.0,4.0,3.066,40.927,41.954,4.0,4.0,4.0,1.192,50.658,52.866,15.0,1.0,8.368,26.01,27.101,4.0,1.0,2.241,3.89,4.921,3.0,2.0,1.924,65.621,66.728,4.0,2.0,2.094,3.89,5.566,3.0,,,,,,,,,,,,,,,,,,,,,,,,,,,,,,,,,,,,,,,,,,,,,,,,,,,,,,,,,,,,,,,,,,,,,,,,,,,,,,,,,,,,,,,,,,,,,,,,,,,,,,,,,,,,,,,,,,,,,,,,,,,6,6,5.624,18.761,21.305,5,6.0,3.042,68.823,69.604,5.0,1.0,2.637,57.084,57.871,4.0,2.0,2.0,9.381,118.383,119.014,8.0,3.0,2.339,145.254,146.125,10.0,1.0,3.184,42.745,43.436,4.0,1.0,3.576,20.959,21.762,3.0,,,,,,,,,,,,,,,,,,,,,,,,,,,,,,,,,,,,,,,,,,,,,,,,,,,,,,,,,,,,,,,5,5,3.163,5.302,6.243,3,5.683,889.713,890.425,72.0,,,,,,,,,ADD,No_expl
108,1523,1,1,1,1,2,1,,,,,,,,,,,,,,,,,,,,,,,,,,,,,,,,,,,,,,,,,,,,,,,,,,,,,,,,,,,,,,,,,,,,,,,,,,,,,,,,,,,,,,,,,,,,,,,,,,,,,,,,,,,,,,,,,,,,,,,,,,,3.0,15.703,150.01,151.401,4.0,3.0,82.171,82.171,86.153,1.0,3.0,144.485,144.485,145.402,1.0,3.0,27.311,27.311,28.802,1.0,1.0,76.092,76.092,77.475,1.0,1.0,24.584,24.584,25.488,1.0,6.0,45.568,45.568,46.357,1.0,4.0,3.0,51.978,118.394,119.386,2.0,7.0,46.708,46.708,47.848,1.0,7.0,13.117,13.117,14.68,1.0,3.0,80.244,80.244,81.488,1.0,3.0,9.168,10.96,11.356,2.0,3,3,6.897,9.168,10.957,2,,,,,,,,,,,,,,,,,,,,,,,,,,,,,,,,,,,,,,,,,,,,,,,,,,,,,,,,,,,,,,,3.0,74.74,74.74,75.758,1.0,6.0,58.728,58.728,59.374,1.0,3.0,2.0,89.992,94.631,96.106,2.0,2.0,14.9,14.9,15.932,1.0,1.0,56.304,56.304,57.528,1.0,2.0,66.201,66.201,68.49,1.0,4,4,4.078,6.503,7.476,2,,,,,,,,,69.4,146.934,163.841,17.0,APP,Graph_expl
109,1131,1,1,1,1,4,2,,,,,,,,,,,,,,,,,,,,,,,,,,,,,,,,,,,,,,,,,,,,,,,,,,,,,,,,,,,,,,,,,,,,,,,,,,,,,,,,,,,,,,,,,,,,,,,,,,,,,,,,,,,,,,,,,,,,,,,,,,,3.0,50.863,148.336,150.937,3.0,3.0,24.358,24.358,26.567,1.0,7.0,82.9,82.9,84.884,1.0,7.0,6.264,6.264,7.828,1.0,7.0,45.679,45.679,47.112,1.0,7.0,6.893,6.893,9.086,1.0,6.0,51.077,51.077,52.574,1.0,4.0,6.0,5.355,17.898,19.324,3.0,7.0,45.876,45.876,48.901,1.0,7.0,5.6,5.6,7.947,1.0,1.0,36.701,36.701,38.138,1.0,1.0,3.835,3.835,6.371,1.0,5,4,9.48,16.53,17.777,2,,,,,,,,,,,,,,,,,,,,,,,,,,,,,,,,,,,,,,,,,,,,,,,,,,,,,,,,,,,,,,,3.0,37.347,37.347,39.37,1.0,6.0,21.377,21.377,23.994,1.0,1.0,2.0,26.195,112.152,113.978,3.0,2.0,40.122,40.122,42.128,1.0,2.0,36.33,36.33,37.587,1.0,2.0,29.853,29.853,31.9,1.0,5,4,9.288,15.872,17.2,2,,,,,,,,,39.318,81.077,112.884,2.0,APP,Graph_expl
110,1327,1,1,1,1,2,2,,,,,,,,,,,,,,,,,,,,,,,,,,,,,,,,,,,,,,,,,,,,,,,,,,,,,,,,,,,,,,,,,,,,,,,,,,,,,,,,,,,,,,,,,,,,,,,,,,,,,,,,,,,,,,,,,,,,,,,,,,,3.0,24.951,61.598,78.841,4.0,3.0,10.09,10.09,11.002,1.0,3.0,40.385,40.792,41.599,2.0,3.0,6.983,6.983,7.9,1.0,4.0,42.915,42.915,43.675,1.0,1.0,31.866,32.992,34.559,2.0,4.0,122.144,122.144,122.894,1.0,4.0,3.0,15.982,28.682,36.341,3.0,7.0,27.935,27.935,28.532,1.0,7.0,3.704,4.279,4.68,2.0,1.0,17.312,17.312,18.558,1.0,3.0,18.746,18.746,19.701,1.0,7,7,3.515,5.234,5.824,2,,,,,,,,,,,,,,,,,,,,,,,,,,,,,,,,,,,,,,,,,,,,,,,,,,,,,,,,,,,,,,,3.0,42.533,42.533,43.731,1.0,6.0,32.284,32.284,33.037,1.0,3.0,2.0,126.74,139.728,142.878,2.0,4.0,23.919,225.13,226.421,9.0,2.0,74.569,74.569,79.401,1.0,2.0,75.901,75.901,77.16,1.0,5,5,3.284,6.069,6.446,3,,,,,,,,,34.188,70.711,74.388,3.0,APP,Graph_expl
111,1096,1,1,1,1,2,2,,,,,,,,,,,,,,,,,,,,,,,,,,,,,,,,,,,,,,,,,,,,,,,,,,,,,,,,,,,,,,,,,,,,,,,,,,,,,,,,,,,,,,,,,,,,,,,,,,,,,,,,,,,,,,,,,,,,,,,,,,,3.0,32.473,72.577,80.452,4.0,3.0,26.521,26.521,32.684,1.0,7.0,44.625,45.121,46.583,2.0,3.0,13.373,13.373,14.863,1.0,1.0,37.965,37.965,39.431,1.0,1.0,9.307,9.307,10.446,1.0,6.0,22.672,22.672,24.122,1.0,4.0,3.0,5.861,20.229,22.901,3.0,7.0,25.717,25.717,27.269,1.0,7.0,5.632,5.632,7.778,1.0,3.0,17.689,17.689,18.642,1.0,3.0,6.595,6.595,8.277,1.0,5,5,4.371,7.325,8.541,2,,,,,,,,,,,,,,,,,,,,,,,,,,,,,,,,,,,,,,,,,,,,,,,,,,,,,,,,,,,,,,,3.0,32.523,32.523,33.939,1.0,6.0,59.412,59.412,60.358,1.0,1.0,2.0,102.674,109.977,113.534,2.0,1.0,101.359,101.359,103.474,1.0,1.0,36.907,36.907,38.468,1.0,2.0,29.887,29.887,31.662,1.0,5,5,2.906,4.7,7.333,2,,,,,,,,,89.123,114.922,116.99,3.0,APP,Graph_expl
112,2183,1,1,1,1,2,1,1.0,138.61,138.61,140.481,1.0,1.0,9.498,9.498,15.054,1.0,5.0,135.832,135.832,137.287,1.0,5.0,4.169,4.169,6.025,1.0,5.0,33.07,105.02,107.142,3.0,5.0,4.271,14.788,16.079,2.0,7.0,123.005,123.005,124.446,1.0,4.0,7.0,7.231,15.796,21.201,2.0,1.0,144.351,144.351,145.758,1.0,1.0,4.089,4.089,5.41,1.0,2.0,104.478,104.478,105.687,1.0,2.0,2.107,6.474,6.964,3.0,,,,,,,,,,,,,,,,,,,,,,,,,,,,,,,,,,,,,,,,,,,,,,,,,,,,,,,,,,,,,,,,,,,,,,,,,,,,,,,,,,,,,,,,,,,,,,,,,,,,,,,,,,,,,,,,,,,,,,,,,,,7,7,3.118,5.384,6.173,2,3.0,126.867,126.867,128.601,1.0,1.0,221.711,221.711,223.821,1.0,2.0,2.0,41.687,323.324,388.532,2.0,3.0,177.458,177.458,184.466,1.0,1.0,84.012,84.012,85.601,1.0,2.0,53.053,53.053,54.707,1.0,,,,,,,,,,,,,,,,,,,,,,,,,,,,,,,,,,,,,,,,,,,,,,,,,,,,,,,,,,,,,,,7,7,2.835,5.1,6.241,2,30.0,208.913,211.792,11.0,,,,,,,,,ADD,No_expl
113,1547,1,1,1,1,2,1,,,,,,,,,,,,,,,,,,,,,,,,,,,,,,,,,,,,,,,,,,,,,,,,,,,,,,,,,,,,,,,,,,,,,,,,,,,,,,,,,,,,,,,,,,,,,,,,,,,,,,,,,,,,,,,,,,,,,,,,,,,3.0,28.801,151.813,153.051,6.0,1.0,21.249,78.796,80.591,7.0,7.0,11.545,57.613,70.194,13.0,7.0,5.852,153.612,156.246,4.0,1.0,39.838,40.853,43.095,3.0,2.0,19.389,48.764,50.279,3.0,6.0,38.712,42.312,43.601,4.0,4.0,6.0,12.272,37.787,41.003,6.0,7.0,1.207,42.494,45.5,3.0,3.0,3.787,25.139,27.101,3.0,3.0,8.223,62.565,63.702,3.0,2.0,3.823,23.373,24.662,4.0,5,6,7.783,13.501,14.679,4,,,,,,,,,,,,,,,,,,,,,,,,,,,,,,,,,,,,,,,,,,,,,,,,,,,,,,,,,,,,,,,3.0,34.631,34.81,35.901,2.0,6.0,33.103,33.294,34.4,2.0,3.0,2.0,48.031,143.446,144.817,7.0,3.0,53.241,53.379,54.6,2.0,2.0,20.098,20.311,21.451,2.0,2.0,21.825,22.0,23.541,2.0,3,3,4.398,7.027,7.963,4,,,,,,,,,7.258,30.852,74.794,3.0,APP,Graph_expl
114,1956,1,1,1,1,3,1,1.0,171.371,171.371,173.336,1.0,3.0,41.638,41.638,43.708,1.0,5.0,110.132,110.132,111.564,1.0,4.0,32.221,32.221,33.401,1.0,5.0,111.258,111.258,112.933,1.0,4.0,46.521,46.521,47.946,1.0,7.0,33.064,33.064,38.099,1.0,4.0,7.0,18.292,55.686,56.799,2.0,1.0,21.936,21.936,23.574,1.0,2.0,35.073,35.073,36.353,1.0,6.0,33.362,33.362,41.309,1.0,6.0,50.672,50.672,52.784,1.0,,,,,,,,,,,,,,,,,,,,,,,,,,,,,,,,,,,,,,,,,,,,,,,,,,,,,,,,,,,,,,,,,,,,,,,,,,,,,,,,,,,,,,,,,,,,,,,,,,,,,,,,,,,,,,,,,,,,,,,,,,,7,7,8.346,15.76,18.402,2,3.0,43.153,43.153,44.537,1.0,1.0,41.639,41.639,53.628,1.0,1.0,2.0,128.067,164.529,167.414,2.0,4.0,80.303,80.303,81.487,1.0,1.0,95.14,95.14,96.932,1.0,2.0,36.798,36.798,38.488,1.0,,,,,,,,,,,,,,,,,,,,,,,,,,,,,,,,,,,,,,,,,,,,,,,,,,,,,,,,,,,,,,,7,7,7.156,14.07,15.881,2,149.766,244.357,246.963,10.0,,,,,,,,,ADD,No_expl
115,2055,1,1,1,1,2,2,3.0,115.619,115.619,140.719,1.0,1.0,20.497,20.497,24.291,1.0,5.0,75.662,75.662,79.117,1.0,5.0,5.351,5.351,7.56,1.0,5.0,67.014,67.014,69.74,1.0,5.0,7.787,7.787,11.497,1.0,4.0,62.92,62.92,65.396,1.0,4.0,4.0,47.805,60.825,65.365,3.0,1.0,48.76,48.76,50.678,1.0,1.0,6.278,6.278,8.403,1.0,2.0,61.627,61.627,64.181,1.0,2.0,7.294,7.294,9.905,1.0,,,,,,,,,,,,,,,,,,,,,,,,,,,,,,,,,,,,,,,,,,,,,,,,,,,,,,,,,,,,,,,,,,,,,,,,,,,,,,,,,,,,,,,,,,,,,,,,,,,,,,,,,,,,,,,,,,,,,,,,,,,7,7,4.259,11.278,13.64,2,3.0,117.368,117.368,119.543,1.0,1.0,81.333,81.333,82.781,1.0,2.0,2.0,183.108,403.629,409.217,2.0,3.0,125.969,125.969,129.399,1.0,1.0,68.472,68.472,71.307,1.0,2.0,89.938,89.938,97.941,1.0,,,,,,,,,,,,,,,,,,,,,,,,,,,,,,,,,,,,,,,,,,,,,,,,,,,,,,,,,,,,,,,7,7,5.779,7.813,9.605,2,229.123,365.839,370.717,10.0,,,,,,,,,ADD,Text_expl
116,2184,1,1,1,1,2,2,1.0,84.143,84.143,85.27,1.0,1.0,8.222,9.966,10.573,2.0,5.0,48.962,49.77,50.138,2.0,5.0,2.777,2.777,3.302,1.0,5.0,18.38,18.38,19.218,1.0,5.0,2.311,2.311,3.107,1.0,4.0,25.245,25.245,26.252,1.0,4.0,7.0,5.919,13.087,14.497,3.0,1.0,21.28,21.28,22.244,1.0,1.0,2.34,2.34,3.018,1.0,2.0,1476.597,1477.285,1478.466,2.0,2.0,2.552,2.552,3.526,1.0,,,,,,,,,,,,,,,,,,,,,,,,,,,,,,,,,,,,,,,,,,,,,,,,,,,,,,,,,,,,,,,,,,,,,,,,,,,,,,,,,,,,,,,,,,,,,,,,,,,,,,,,,,,,,,,,,,,,,,,,,,,7,7,4.537,7.905,9.242,2,3.0,41.043,41.043,42.281,1.0,1.0,35.953,36.376,37.142,2.0,2.0,2.0,59.435,178.275,179.505,3.0,3.0,14.004,14.004,30.666,1.0,1.0,38.715,38.715,39.401,1.0,2.0,16.399,17.192,18.028,2.0,,,,,,,,,,,,,,,,,,,,,,,,,,,,,,,,,,,,,,,,,,,,,,,,,,,,,,,,,,,,,,,7,7,2.621,3.722,4.399,2,9.206,9.206,29.245,1.0,,,,,,,,,ADD,No_expl
117,1298,1,1,1,1,3,1,,,,,,,,,,,,,,,,,,,,,,,,,,,,,,,,,,,,,,,,,,,,,,,,,,,,,,,,,,,,,,,,,,,,,,,,,,,,,,,,,,,,,,,,,,,,,,,,,,,,,,,,,,,,,,,,,,,,,,,,,,,3.0,190.619,191.453,233.744,2.0,3.0,97.808,97.808,99.552,1.0,3.0,48.312,48.312,50.036,1.0,3.0,47.311,47.311,48.619,1.0,1.0,45.638,45.638,47.144,1.0,7.0,4.65,32.684,33.725,2.0,2.0,47.387,47.387,49.058,1.0,4.0,1.0,34.019,43.653,46.943,3.0,7.0,20.216,20.216,21.738,1.0,7.0,15.003,15.003,16.357,1.0,1.0,42.419,42.419,44.745,1.0,3.0,9.467,9.467,11.055,1.0,5,5,7.365,10.847,11.786,2,,,,,,,,,,,,,,,,,,,,,,,,,,,,,,,,,,,,,,,,,,,,,,,,,,,,,,,,,,,,,,,3.0,22.443,22.443,23.586,1.0,6.0,27.289,27.289,30.536,1.0,2.0,2.0,29.224,35.457,38.731,2.0,4.0,18.491,18.491,20.85,1.0,1.0,32.728,32.728,33.668,1.0,2.0,40.384,40.384,41.238,1.0,6,6,5.794,10.211,11.416,2,,,,,,,,,64.725,64.725,182.4,1.0,APP,Graph_expl
118,1794,1,1,1,1,1,2,2.0,114.701,114.701,115.663,1.0,1.0,51.838,51.838,53.682,1.0,5.0,61.54,81.014,82.201,2.0,5.0,2.918,2.918,4.174,1.0,5.0,84.072,84.072,85.204,1.0,5.0,4.461,4.461,6.1,1.0,7.0,69.121,69.121,70.559,1.0,4.0,7.0,1.849,10.45,14.279,3.0,1.0,69.49,69.49,70.868,1.0,1.0,3.028,3.028,4.551,1.0,2.0,131.598,131.598,133.029,1.0,2.0,2.958,2.958,3.812,1.0,,,,,,,,,,,,,,,,,,,,,,,,,,,,,,,,,,,,,,,,,,,,,,,,,,,,,,,,,,,,,,,,,,,,,,,,,,,,,,,,,,,,,,,,,,,,,,,,,,,,,,,,,,,,,,,,,,,,,,,,,,,7,7,5.243,8.2,9.099,3,3.0,132.13,132.13,133.429,1.0,1.0,69.112,69.112,70.546,1.0,1.0,2.0,172.019,288.258,289.517,3.0,3.0,156.572,156.572,157.862,1.0,1.0,49.532,49.532,50.85,1.0,2.0,67.155,67.155,68.997,1.0,,,,,,,,,,,,,,,,,,,,,,,,,,,,,,,,,,,,,,,,,,,,,,,,,,,,,,,,,,,,,,,7,7,4.454,5.466,6.512,2,32.593,125.224,217.579,7.0,,,,,,,,,ADD,No_expl
119,1268,1,1,1,1,2,1,,,,,,,,,,,,,,,,,,,,,,,,,,,,,,,,,,,,,,,,,,,,,,,,,,,,,,,,,,,,,,,,,,,,,,,,,,,,,,,,,,,,,,,,,,,,,,,,,,,,,,,,,,,,,,,,,,,,,,,,,,,3.0,6.696,214.288,215.594,9.0,7.0,14.818,72.55,74.081,4.0,7.0,11.261,87.479,88.568,5.0,7.0,11.366,55.386,56.605,6.0,1.0,51.835,75.995,77.584,3.0,5.0,9.695,31.491,33.335,4.0,6.0,16.409,21.576,23.0,3.0,4.0,4.0,13.872,43.268,44.53,9.0,7.0,14.467,17.665,18.94,3.0,4.0,12.667,19.497,20.778,4.0,1.0,20.39,24.144,25.517,4.0,1.0,12.532,26.388,27.818,3.0,6,7,5.618,11.29,12.275,3,,,,,,,,,,,,,,,,,,,,,,,,,,,,,,,,,,,,,,,,,,,,,,,,,,,,,,,,,,,,,,,3.0,27.465,31.101,32.614,3.0,6.0,15.982,20.821,21.968,4.0,3.0,2.0,20.793,56.708,57.939,6.0,1.0,7.171,13.397,14.907,3.0,1.0,24.466,45.918,48.079,4.0,2.0,37.407,40.654,42.094,3.0,6,6,4.969,13.189,14.385,4,,,,,,,,,12.285,65.422,77.308,10.0,APP,Graph_expl
120,2076,1,1,1,1,1,1,1.0,5.234,182.269,185.39,14.0,1.0,8.273,35.995,47.68,6.0,5.0,10.666,86.555,88.165,7.0,5.0,5.522,11.009,12.667,4.0,5.0,9.736,60.963,62.447,6.0,5.0,6.77,13.837,15.662,4.0,7.0,10.867,57.882,59.194,7.0,4.0,7.0,1.376,45.528,47.748,9.0,1.0,8.579,93.616,94.8,10.0,1.0,4.847,16.873,18.539,5.0,2.0,2.268,129.158,130.33,8.0,2.0,1.396,9.536,10.962,4.0,,,,,,,,,,,,,,,,,,,,,,,,,,,,,,,,,,,,,,,,,,,,,,,,,,,,,,,,,,,,,,,,,,,,,,,,,,,,,,,,,,,,,,,,,,,,,,,,,,,,,,,,,,,,,,,,,,,,,,,,,,,7,7,6.327,14.625,18.224,4,3.0,9.435,86.319,87.426,7.0,1.0,5.517,94.242,95.493,8.0,2.0,2.0,39.893,263.046,274.001,18.0,3.0,2.902,172.537,173.743,9.0,1.0,2.418,86.396,88.122,6.0,2.0,3.681,84.131,84.999,8.0,,,,,,,,,,,,,,,,,,,,,,,,,,,,,,,,,,,,,,,,,,,,,,,,,,,,,,,,,,,,,,,7,7,4.837,10.281,11.779,5,5.594,197.006,208.919,15.0,,,,,,,,,ADD,Text_expl
121,1611,1,1,1,1,1,2,,,,,,,,,,,,,,,,,,,,,,,,,,,,,,,,,,,,,,,,,,,,,,,,,,,,,,,,,,,,,,,,,,,,,,,,,,,,,,,,,,,,,,,,,,,,,,,,,,,,,,,,,,,,,,,,,,,,,,,,,,,3.0,2.236,133.409,134.13,27.0,1.0,1.865,71.033,72.178,22.0,3.0,0.673,32.614,34.345,10.0,7.0,2.663,42.176,43.022,10.0,7.0,0.556,142.97,144.301,29.0,1.0,0.894,37.783,38.328,15.0,6.0,2.462,37.971,38.102,13.0,4.0,3.0,1.696,21.381,22.178,10.0,7.0,0.487,14.912,17.121,6.0,7.0,0.729,4.016,4.575,5.0,3.0,0.793,15.841,16.547,6.0,3.0,0.919,2.859,3.483,3.0,6,4,4.322,13.952,15.856,10,,,,,,,,,,,,,,,,,,,,,,,,,,,,,,,,,,,,,,,,,,,,,,,,,,,,,,,,,,,,,,,3.0,1.139,35.663,36.302,7.0,6.0,2.727,23.555,25.195,6.0,2.0,2.0,1.057,196.133,196.6,34.0,4.0,2.153,84.386,85.057,7.0,1.0,1.001,104.469,105.093,9.0,2.0,1.288,45.67,47.143,5.0,6,5,4.551,12.03,15.476,8,,,,,,,,,1.012,108.636,169.779,22.0,APP,Text_expl
122,1421,1,1,1,1,2,1,1.0,36.778,112.451,125.758,4.0,1.0,34.308,34.308,35.95,1.0,5.0,92.195,92.195,93.395,1.0,5.0,14.036,14.036,15.866,1.0,5.0,62.171,62.171,63.268,1.0,5.0,3.828,3.828,5.008,1.0,7.0,62.848,62.848,63.707,1.0,4.0,7.0,3.309,13.248,16.05,3.0,1.0,4.846,55.636,58.246,5.0,1.0,24.239,24.239,25.497,1.0,2.0,6.15,52.84,54.209,3.0,2.0,3.947,3.947,5.631,1.0,,,,,,,,,,,,,,,,,,,,,,,,,,,,,,,,,,,,,,,,,,,,,,,,,,,,,,,,,,,,,,,,,,,,,,,,,,,,,,,,,,,,,,,,,,,,,,,,,,,,,,,,,,,,,,,,,,,,,,,,,,,6,6,5.222,10.007,11.194,2,3.0,104.044,104.638,106.024,2.0,5.0,3.666,36.635,38.722,2.0,2.0,2.0,1.89,178.761,180.236,3.0,3.0,1.803,138.197,139.721,4.0,1.0,31.203,31.203,32.484,1.0,2.0,39.51,39.51,44.352,1.0,,,,,,,,,,,,,,,,,,,,,,,,,,,,,,,,,,,,,,,,,,,,,,,,,,,,,,,,,,,,,,,6,6,7.327,10.439,11.48,2,77.883,77.883,109.601,1.0,,,,,,,,,ADD,Graph_expl
123,1327,1,1,1,1,1,2,1.0,126.034,126.034,127.208,1.0,1.0,15.574,15.574,29.606,1.0,5.0,78.025,78.025,79.462,1.0,5.0,14.527,14.527,16.804,1.0,5.0,56.084,56.084,57.201,1.0,5.0,8.936,8.936,10.195,1.0,7.0,74.454,74.454,75.501,1.0,4.0,7.0,7.343,18.986,21.685,3.0,1.0,59.032,59.032,60.993,1.0,1.0,4.534,4.534,5.934,1.0,2.0,55.41,55.41,56.966,1.0,2.0,5.218,5.218,6.434,1.0,,,,,,,,,,,,,,,,,,,,,,,,,,,,,,,,,,,,,,,,,,,,,,,,,,,,,,,,,,,,,,,,,,,,,,,,,,,,,,,,,,,,,,,,,,,,,,,,,,,,,,,,,,,,,,,,,,,,,,,,,,,6,6,6.287,18.197,19.451,3,3.0,51.264,51.264,52.681,1.0,1.0,43.596,43.596,44.898,1.0,2.0,2.0,168.213,179.561,182.345,2.0,2.0,52.796,52.796,55.85,1.0,1.0,36.936,36.936,37.903,1.0,2.0,32.752,32.752,33.996,1.0,,,,,,,,,,,,,,,,,,,,,,,,,,,,,,,,,,,,,,,,,,,,,,,,,,,,,,,,,,,,,,,7,6,4.962,8.325,9.377,2,64.792,161.964,172.463,2.0,,,,,,,,,ADD,Graph_expl
124,1806,1,1,1,1,2,1,1.0,15.746,130.328,131.886,4.0,1.0,21.741,31.445,32.886,3.0,4.0,7.603,99.054,100.203,6.0,4.0,8.519,20.992,23.201,3.0,5.0,3.682,19.286,20.109,4.0,5.0,1.51,5.363,6.581,3.0,4.0,1.167,21.557,23.219,5.0,4.0,7.0,1.104,28.88,30.366,9.0,1.0,6.517,17.582,19.378,3.0,1.0,1.267,5.525,6.701,3.0,6.0,1.701,15.97,16.999,3.0,2.0,1.128,14.111,15.403,5.0,,,,,,,,,,,,,,,,,,,,,,,,,,,,,,,,,,,,,,,,,,,,,,,,,,,,,,,,,,,,,,,,,,,,,,,,,,,,,,,,,,,,,,,,,,,,,,,,,,,,,,,,,,,,,,,,,,,,,,,,,,,7,6,4.487,9.677,11.485,3,3.0,5.549,30.512,32.1,9.0,3.0,23.033,24.76,26.201,2.0,3.0,2.0,9.748,128.816,130.073,10.0,2.0,6.517,40.166,41.608,5.0,2.0,7.935,26.127,30.781,3.0,2.0,13.981,16.453,17.614,3.0,,,,,,,,,,,,,,,,,,,,,,,,,,,,,,,,,,,,,,,,,,,,,,,,,,,,,,,,,,,,,,,7,6,2.598,7.814,8.901,4,5.535,205.996,208.811,9.0,,,,,,,,,ADD,No_expl
125,1728,1,1,1,1,4,1,,,,,,,,,,,,,,,,,,,,,,,,,,,,,,,,,,,,,,,,,,,,,,,,,,,,,,,,,,,,,,,,,,,,,,,,,,,,,,,,,,,,,,,,,,,,,,,,,,,,,,,,,,,,,,,,,,,,,,,,,,,1.0,138.085,275.237,276.672,5.0,5.0,16.617,40.693,41.961,3.0,3.0,17.039,34.352,36.234,3.0,3.0,8.548,13.928,15.172,3.0,1.0,3.1,37.31,38.473,4.0,1.0,3.008,8.909,10.201,3.0,6.0,2.947,27.254,28.656,4.0,4.0,7.0,37.739,53.94,54.903,7.0,7.0,5.4,25.524,27.171,4.0,7.0,3.41,4.922,8.353,2.0,3.0,32.479,56.734,58.21,5.0,3.0,16.853,20.035,21.409,3.0,7,7,4.765,9.91,13.093,3,,,,,,,,,,,,,,,,,,,,,,,,,,,,,,,,,,,,,,,,,,,,,,,,,,,,,,,,,,,,,,,3.0,15.409,47.435,50.046,3.0,6.0,16.793,35.976,37.093,3.0,2.0,2.0,7.494,352.313,353.575,11.0,2.0,11.935,44.982,46.28,4.0,1.0,13.189,77.616,80.313,4.0,2.0,6.567,31.097,32.215,3.0,6,6,4.539,14.338,15.56,5,,,,,,,,,11.183,68.943,82.855,5.0,APP,Graph_expl
126,2097,1,1,1,1,2,1,1.0,406.629,406.629,408.882,1.0,1.0,24.505,24.505,26.623,1.0,5.0,54.527,54.527,56.097,1.0,5.0,5.5,5.5,6.837,1.0,5.0,25.06,25.06,26.478,1.0,5.0,5.077,5.077,20.111,1.0,7.0,16.337,16.337,17.494,1.0,4.0,7.0,13.227,63.215,65.288,2.0,1.0,23.763,23.763,25.074,1.0,1.0,4.365,4.365,5.646,1.0,2.0,34.616,34.616,36.404,1.0,2.0,20.985,20.985,22.576,1.0,,,,,,,,,,,,,,,,,,,,,,,,,,,,,,,,,,,,,,,,,,,,,,,,,,,,,,,,,,,,,,,,,,,,,,,,,,,,,,,,,,,,,,,,,,,,,,,,,,,,,,,,,,,,,,,,,,,,,,,,,,,6,6,4.828,15.132,21.095,3,6.0,89.988,89.988,100.486,1.0,1.0,35.734,35.734,37.296,1.0,3.0,2.0,70.627,90.178,101.729,2.0,2.0,116.842,116.842,119.892,1.0,2.0,40.619,40.619,42.202,1.0,2.0,46.517,46.517,50.942,1.0,,,,,,,,,,,,,,,,,,,,,,,,,,,,,,,,,,,,,,,,,,,,,,,,,,,,,,,,,,,,,,,6,6,4.665,7.933,10.067,3,83.354,234.122,353.578,4.0,,,,,,,,,ADD,No_expl
127,2373,1,1,1,1,2,1,1.0,10.308,209.334,225.673,7.0,1.0,16.607,66.836,68.775,5.0,3.0,12.489,163.002,165.066,5.0,5.0,8.018,39.219,40.753,3.0,5.0,15.238,91.104,92.837,4.0,5.0,22.078,30.525,32.107,4.0,7.0,5.845,123.932,125.804,5.0,4.0,7.0,8.08,45.881,47.585,9.0,1.0,5.646,108.855,110.191,4.0,1.0,5.867,14.423,15.836,3.0,2.0,6.121,84.301,85.98,4.0,2.0,6.889,11.906,13.052,3.0,,,,,,,,,,,,,,,,,,,,,,,,,,,,,,,,,,,,,,,,,,,,,,,,,,,,,,,,,,,,,,,,,,,,,,,,,,,,,,,,,,,,,,,,,,,,,,,,,,,,,,,,,,,,,,,,,,,,,,,,,,,7,7,8.457,16.144,17.994,3,3.0,11.021,201.049,202.226,4.0,1.0,10.795,150.76,154.705,6.0,3.0,2.0,8.181,187.468,191.475,18.0,4.0,25.373,42.942,43.946,4.0,1.0,13.964,108.478,109.666,5.0,2.0,14.14,104.077,105.677,7.0,,,,,,,,,,,,,,,,,,,,,,,,,,,,,,,,,,,,,,,,,,,,,,,,,,,,,,,,,,,,,,,7,7,6.947,14.796,16.298,3,9.877,123.121,169.219,7.0,,,,,,,,,ADD,Text_expl
128,2081,1,1,1,1,2,2,1.0,13.632,143.526,155.13,2.0,1.0,21.952,21.952,24.151,1.0,5.0,158.174,158.174,159.645,1.0,5.0,6.405,6.405,73.796,1.0,5.0,28.769,28.769,30.298,1.0,5.0,3.209,3.209,4.309,1.0,4.0,83.893,83.893,85.056,1.0,4.0,7.0,16.862,97.229,98.287,4.0,2.0,72.876,72.876,74.101,1.0,2.0,6.435,7.624,10.054,2.0,2.0,61.811,61.811,62.91,1.0,2.0,3.813,3.813,4.967,1.0,,,,,,,,,,,,,,,,,,,,,,,,,,,,,,,,,,,,,,,,,,,,,,,,,,,,,,,,,,,,,,,,,,,,,,,,,,,,,,,,,,,,,,,,,,,,,,,,,,,,,,,,,,,,,,,,,,,,,,,,,,,7,7,5.133,8.898,10.041,3,3.0,32.423,32.423,33.831,1.0,1.0,95.748,95.748,97.325,1.0,3.0,2.0,108.625,184.883,205.799,2.0,3.0,325.295,325.295,326.674,1.0,1.0,62.214,62.214,63.268,1.0,2.0,47.411,47.411,51.126,1.0,,,,,,,,,,,,,,,,,,,,,,,,,,,,,,,,,,,,,,,,,,,,,,,,,,,,,,,,,,,,,,,7,7,3.902,5.609,6.876,2,50.326,139.638,142.764,3.0,,,,,,,,,ADD,Text_expl
129,1593,1,1,1,1,2,1,,,,,,,,,,,,,,,,,,,,,,,,,,,,,,,,,,,,,,,,,,,,,,,,,,,,,,,,,,,,,,,,,,,,,,,,,,,,,,,,,,,,,,,,,,,,,,,,,,,,,,,,,,,,,,,,,,,,,,,,,,,6.0,66.876,114.244,115.101,9.0,4.0,25.4,90.521,91.3,8.0,3.0,32.097,92.97,93.934,6.0,5.0,15.82,92.994,94.193,6.0,7.0,10.518,61.662,62.694,7.0,2.0,10.557,60.134,60.9,4.0,4.0,27.95,56.502,57.449,5.0,4.0,7.0,8.51,43.912,44.894,11.0,7.0,21.586,39.178,40.207,5.0,2.0,20.669,26.617,28.148,4.0,6.0,28.95,49.117,50.037,5.0,6.0,30.979,32.169,33.173,3.0,5,5,7.292,14.351,15.351,4,,,,,,,,,,,,,,,,,,,,,,,,,,,,,,,,,,,,,,,,,,,,,,,,,,,,,,,,,,,,,,,3.0,33.452,47.5,48.907,4.0,6.0,62.223,62.484,63.7,2.0,3.0,2.0,22.453,123.028,124.68,17.0,1.0,86.8,88.381,89.205,3.0,1.0,57.709,57.709,59.895,1.0,2.0,31.401,31.675,32.501,2.0,6,5,8.764,12.501,13.551,4,,,,,,,,,8.277,54.9,108.814,10.0,APP,Text_expl
130,2101,1,1,1,1,1,1,1.0,135.005,135.005,152.746,1.0,1.0,24.183,24.183,36.42,1.0,5.0,83.015,83.015,138.221,1.0,5.0,7.981,7.981,14.942,1.0,5.0,56.114,56.114,58.536,1.0,5.0,8.647,8.647,11.074,1.0,7.0,98.301,98.301,100.072,1.0,4.0,7.0,11.943,18.769,20.452,2.0,1.0,143.98,143.98,145.274,1.0,1.0,8.909,8.909,11.535,1.0,2.0,66.984,66.984,68.727,1.0,2.0,6.418,6.418,9.258,1.0,,,,,,,,,,,,,,,,,,,,,,,,,,,,,,,,,,,,,,,,,,,,,,,,,,,,,,,,,,,,,,,,,,,,,,,,,,,,,,,,,,,,,,,,,,,,,,,,,,,,,,,,,,,,,,,,,,,,,,,,,,,7,7,8.738,15.044,16.648,2,3.0,173.74,173.74,187.7,1.0,1.0,133.731,137.179,139.311,2.0,4.0,2.0,130.309,253.904,258.942,5.0,2.0,26.774,26.774,28.994,1.0,1.0,121.999,121.999,123.706,1.0,2.0,114.18,114.18,116.379,1.0,,,,,,,,,,,,,,,,,,,,,,,,,,,,,,,,,,,,,,,,,,,,,,,,,,,,,,,,,,,,,,,7,7,6.997,11.391,12.2,3,90.005,171.816,180.105,4.0,,,,,,,,,ADD,No_expl
131,2159,1,1,1,1,1,1,,,,,,,,,,,,,,,,,,,,,,,,,,,,,,,,,,,,,,,,,,,,,,,,,,,,,,,,,,,,,,,,,,,,,,,,,,,,,,,,,,,,,,,,,,,,,,,,,,,,,,,,,,,,,,,,,,,,,,,,,,,3.0,105.506,236.765,238.495,4.0,3.0,6.648,24.83,30.931,3.0,3.0,158.281,449.605,451.822,4.0,3.0,32.707,32.707,34.845,1.0,1.0,36.746,38.403,39.804,2.0,1.0,6.61,11.942,13.291,4.0,3.0,65.118,67.127,68.725,2.0,4.0,3.0,70.696,83.13,85.857,4.0,7.0,164.48,170.378,172.201,3.0,7.0,5.966,5.966,7.301,1.0,1.0,40.093,42.478,44.254,2.0,3.0,8.928,8.928,10.819,1.0,7,6,60.814,68.718,69.776,3,,,,,,,,,,,,,,,,,,,,,,,,,,,,,,,,,,,,,,,,,,,,,,,,,,,,,,,,,,,,,,,5.0,11.213,11.213,12.877,1.0,4.0,22.615,24.031,25.401,2.0,1.0,2.0,18.601,135.121,139.091,4.0,2.0,4.524,6.598,15.75,2.0,1.0,4.432,74.05,75.55,3.0,1.0,5.789,32.59,33.851,3.0,7,6,5.396,10.71,11.97,3,,,,,,,,,5.782,149.011,182.442,7.0,APP,Graph_expl
132,1248,1,1,1,1,2,2,,,,,,,,,,,,,,,,,,,,,,,,,,,,,,,,,,,,,,,,,,,,,,,,,,,,,,,,,,,,,,,,,,,,,,,,,,,,,,,,,,,,,,,,,,,,,,,,,,,,,,,,,,,,,,,,,,,,,,,,,,,2.0,111.548,111.548,113.457,1.0,2.0,57.424,57.424,58.627,1.0,3.0,48.94,48.94,50.173,1.0,3.0,3.99,3.99,5.369,1.0,1.0,42.699,42.699,43.936,1.0,1.0,6.194,6.194,7.855,1.0,6.0,37.429,37.429,38.866,1.0,4.0,6.0,9.471,24.742,27.558,3.0,7.0,38.057,38.057,39.302,1.0,7.0,3.691,3.691,4.768,1.0,3.0,42.377,43.305,44.2,2.0,3.0,4.114,4.114,5.262,1.0,7,7,4.627,7.039,7.834,2,,,,,,,,,,,,,,,,,,,,,,,,,,,,,,,,,,,,,,,,,,,,,,,,,,,,,,,,,,,,,,,3.0,38.8,40.045,40.999,2.0,6.0,26.379,26.379,28.004,1.0,3.0,2.0,161.412,216.806,218.785,3.0,4.0,63.266,108.345,125.68,3.0,1.0,78.822,78.822,86.269,1.0,2.0,48.022,48.022,49.25,1.0,6,6,4.248,7.901,8.657,2,,,,,,,,,83.772,83.772,117.427,1.0,APP,Text_expl
133,2163,1,1,1,1,3,2,,,,,,,,,,,,,,,,,,,,,,,,,,,,,,,,,,,,,,,,,,,,,,,,,,,,,,,,,,,,,,,,,,,,,,,,,,,,,,,,,,,,,,,,,,,,,,,,,,,,,,,,,,,,,,,,,,,,,,,,,,,3.0,108.14,108.14,110.328,1.0,7.0,136.22,136.22,137.928,1.0,7.0,129.792,129.792,139.174,1.0,3.0,39.34,39.34,40.877,1.0,4.0,98.085,115.329,129.648,7.0,1.0,35.138,35.138,36.705,1.0,6.0,62.755,62.755,63.901,1.0,4.0,3.0,34.715,79.215,80.468,2.0,7.0,70.05,70.05,71.786,1.0,7.0,13.105,13.105,14.323,1.0,3.0,75.505,75.505,77.282,1.0,3.0,6.104,6.104,8.039,1.0,6,4,7.39,10.466,11.735,2,,,,,,,,,,,,,,,,,,,,,,,,,,,,,,,,,,,,,,,,,,,,,,,,,,,,,,,,,,,,,,,3.0,102.529,102.529,104.967,1.0,6.0,72.462,72.462,73.646,1.0,2.0,2.0,233.472,239.638,242.011,2.0,4.0,4.196,325.448,327.24,2.0,1.0,212.052,212.052,213.285,1.0,1.0,11.831,11.831,29.99,1.0,6,6,15.301,17.593,19.166,2,,,,,,,,,87.894,87.894,132.389,1.0,APP,Graph_expl
134,2226,1,1,1,1,2,2,1.0,124.165,468.775,473.205,4.0,1.0,12.558,12.558,16.746,1.0,5.0,220.797,220.797,222.965,1.0,5.0,6.389,6.389,8.303,1.0,5.0,205.671,205.671,207.025,1.0,5.0,3.696,3.696,5.353,1.0,7.0,56.616,56.616,57.999,1.0,4.0,7.0,4.055,21.488,25.297,3.0,1.0,37.137,37.137,38.52,1.0,1.0,7.996,7.996,9.89,1.0,2.0,17.59,17.59,19.404,1.0,2.0,7.102,7.102,9.063,1.0,,,,,,,,,,,,,,,,,,,,,,,,,,,,,,,,,,,,,,,,,,,,,,,,,,,,,,,,,,,,,,,,,,,,,,,,,,,,,,,,,,,,,,,,,,,,,,,,,,,,,,,,,,,,,,,,,,,,,,,,,,,6,6,6.731,10.825,13.404,2,6.0,78.078,78.078,79.47,1.0,3.0,55.443,55.443,57.192,1.0,3.0,2.0,296.507,301.31,303.661,2.0,3.0,132.592,132.592,134.143,1.0,2.0,30.049,30.049,31.407,1.0,2.0,15.494,15.494,18.4,1.0,,,,,,,,,,,,,,,,,,,,,,,,,,,,,,,,,,,,,,,,,,,,,,,,,,,,,,,,,,,,,,,6,6,6.335,8.615,9.948,2,83.764,83.764,134.526,1.0,,,,,,,,,ADD,No_expl
135,2121,1,1,1,1,2,1,,,,,,,,,,,,,,,,,,,,,,,,,,,,,,,,,,,,,,,,,,,,,,,,,,,,,,,,,,,,,,,,,,,,,,,,,,,,,,,,,,,,,,,,,,,,,,,,,,,,,,,,,,,,,,,,,,,,,,,,,,,3.0,33.186,154.497,156.393,5.0,1.0,46.559,158.353,159.684,3.0,3.0,22.028,120.108,121.561,9.0,3.0,14.292,54.774,56.68,4.0,1.0,16.048,83.514,85.088,6.0,1.0,35.673,41.068,42.557,3.0,6.0,78.853,109.376,110.963,4.0,4.0,3.0,14.363,43.832,45.48,8.0,7.0,53.356,55.378,56.83,2.0,7.0,14.219,19.455,21.422,5.0,3.0,37.006,40.254,41.755,2.0,3.0,13.677,15.504,16.931,2.0,7,7,5.755,11.148,12.624,3,,,,,,,,,,,,,,,,,,,,,,,,,,,,,,,,,,,,,,,,,,,,,,,,,,,,,,,,,,,,,,,3.0,20.008,62.672,64.149,5.0,6.0,28.53,33.701,35.472,4.0,4.0,2.0,24.502,422.801,424.332,19.0,4.0,16.103,163.893,165.528,10.0,1.0,13.469,127.857,129.665,4.0,2.0,9.595,63.607,65.316,3.0,7,7,3.763,7.43,8.746,3,,,,,,,,,23.413,67.616,71.594,4.0,APP,Graph_expl
136,2388,1,1,1,1,3,1,1.0,42.869,175.303,175.801,34.0,1.0,9.534,59.197,59.612,25.0,5.0,8.994,91.949,92.312,22.0,5.0,3.215,16.874,17.383,17.0,5.0,6.854,60.876,64.012,17.0,5.0,3.751,14.513,16.293,16.0,4.0,10.161,75.767,76.268,17.0,4.0,7.0,3.583,55.109,56.817,23.0,2.0,6.451,41.994,42.305,22.0,2.0,3.892,55.014,55.41,22.0,2.0,5.778,43.398,45.162,5.0,2.0,4.64,14.922,16.806,5.0,,,,,,,,,,,,,,,,,,,,,,,,,,,,,,,,,,,,,,,,,,,,,,,,,,,,,,,,,,,,,,,,,,,,,,,,,,,,,,,,,,,,,,,,,,,,,,,,,,,,,,,,,,,,,,,,,,,,,,,,,,,6,7,7.595,15.875,17.398,10,1.0,5.974,118.008,119.972,10.0,1.0,6.479,45.991,48.414,11.0,2.0,2.0,9.327,230.332,232.201,47.0,3.0,8.534,96.371,97.599,13.0,1.0,5.0,74.577,74.94,17.0,2.0,2.707,63.184,63.612,18.0,,,,,,,,,,,,,,,,,,,,,,,,,,,,,,,,,,,,,,,,,,,,,,,,,,,,,,,,,,,,,,,7,6,5.805,11.627,14.691,4,14.727,284.631,285.915,38.0,,,,,,,,,ADD,Text_expl
137,2024,1,1,1,1,2,2,1.0,2.477,302.201,303.211,15.0,1.0,5.916,82.257,85.802,7.0,5.0,2.878,123.878,124.778,8.0,5.0,5.191,7.088,8.006,3.0,5.0,5.978,163.68,164.355,9.0,5.0,10.734,11.949,14.2,2.0,4.0,10.026,69.074,70.513,5.0,4.0,4.0,3.016,36.523,37.291,6.0,1.0,10.966,37.837,38.735,4.0,1.0,1.122,3.577,4.701,2.0,2.0,3.626,47.267,48.437,4.0,2.0,4.356,9.217,10.879,3.0,,,,,,,,,,,,,,,,,,,,,,,,,,,,,,,,,,,,,,,,,,,,,,,,,,,,,,,,,,,,,,,,,,,,,,,,,,,,,,,,,,,,,,,,,,,,,,,,,,,,,,,,,,,,,,,,,,,,,,,,,,,5,5,13.474,20.512,22.006,5,3.0,7.883,90.396,91.273,5.0,1.0,2.48,149.269,150.158,7.0,2.0,2.0,3.43,168.881,170.964,17.0,3.0,2.478,64.848,66.328,4.0,1.0,1.423,84.934,86.308,8.0,2.0,5.046,63.329,63.717,4.0,,,,,,,,,,,,,,,,,,,,,,,,,,,,,,,,,,,,,,,,,,,,,,,,,,,,,,,,,,,,,,,5,5,3.859,5.687,7.804,2,4.118,193.781,194.583,19.0,,,,,,,,,ADD,Text_expl
138,2502,1,1,1,1,2,2,1.0,192.937,194.209,197.777,2.0,1.0,4.921,26.109,28.422,3.0,5.0,1.954,88.191,90.186,3.0,5.0,2.126,8.827,10.556,2.0,5.0,2.424,44.549,47.768,3.0,5.0,1.849,6.632,7.956,2.0,7.0,0.823,60.852,62.219,3.0,4.0,7.0,1.574,19.812,21.289,3.0,1.0,0.723,49.951,51.315,3.0,1.0,1.918,5.463,6.834,2.0,2.0,0.254,23.561,29.694,3.0,2.0,1.723,8.073,9.5,2.0,,,,,,,,,,,,,,,,,,,,,,,,,,,,,,,,,,,,,,,,,,,,,,,,,,,,,,,,,,,,,,,,,,,,,,,,,,,,,,,,,,,,,,,,,,,,,,,,,,,,,,,,,,,,,,,,,,,,,,,,,,,7,7,6.121,11.364,12.739,3,1.0,42.22,42.22,43.771,1.0,1.0,47.969,47.969,49.406,1.0,1.0,2.0,49.307,117.695,233.991,4.0,3.0,9.685,239.368,242.49,3.0,1.0,53.1,53.1,54.467,1.0,2.0,43.297,45.282,47.094,3.0,,,,,,,,,,,,,,,,,,,,,,,,,,,,,,,,,,,,,,,,,,,,,,,,,,,,,,,,,,,,,,,6,6,3.46,7.047,8.851,3,2.926,230.264,236.854,7.0,,,,,,,,,ADD,No_expl
139,1593,1,1,1,1,4,2,,,,,,,,,,,,,,,,,,,,,,,,,,,,,,,,,,,,,,,,,,,,,,,,,,,,,,,,,,,,,,,,,,,,,,,,,,,,,,,,,,,,,,,,,,,,,,,,,,,,,,,,,,,,,,,,,,,,,,,,,,,3.0,17.907,106.701,108.241,29.0,3.0,6.074,19.082,20.274,13.0,7.0,13.972,78.496,79.822,19.0,7.0,2.827,54.153,55.855,8.0,1.0,4.668,98.527,100.14,21.0,1.0,1.706,12.351,13.688,3.0,6.0,3.317,52.489,54.075,17.0,4.0,6.0,1.491,38.021,40.79,9.0,7.0,2.902,41.62,42.879,18.0,7.0,1.787,10.056,11.981,3.0,3.0,2.837,42.391,44.473,17.0,3.0,1.644,9.655,10.888,3.0,6,6,4.266,8.613,9.898,3,,,,,,,,,,,,,,,,,,,,,,,,,,,,,,,,,,,,,,,,,,,,,,,,,,,,,,,,,,,,,,,3.0,3.827,35.133,36.849,6.0,6.0,5.957,31.504,33.164,5.0,2.0,2.0,2.838,195.257,199.669,25.0,4.0,4.393,117.539,118.973,13.0,1.0,41.883,57.761,58.97,7.0,2.0,24.351,25.873,27.126,2.0,7,7,2.591,7.434,9.002,4,,,,,,,,,22.447,161.634,187.66,20.0,APP,Text_expl
140,2044,1,1,1,1,4,2,1.0,33.225,265.424,266.976,10.0,1.0,16.815,22.958,24.361,3.0,5.0,13.924,190.761,192.074,11.0,5.0,9.127,16.46,18.166,3.0,5.0,10.548,104.501,106.195,7.0,5.0,4.86,10.307,11.699,3.0,7.0,4.83,99.816,102.602,6.0,4.0,7.0,9.205,38.399,39.639,7.0,1.0,14.148,73.138,74.553,5.0,1.0,5.09,25.128,28.3,3.0,2.0,9.294,61.759,63.485,6.0,2.0,4.153,8.942,10.4,3.0,,,,,,,,,,,,,,,,,,,,,,,,,,,,,,,,,,,,,,,,,,,,,,,,,,,,,,,,,,,,,,,,,,,,,,,,,,,,,,,,,,,,,,,,,,,,,,,,,,,,,,,,,,,,,,,,,,,,,,,,,,,7,7,5.168,15.197,16.758,5,3.0,9.433,110.443,111.804,5.0,3.0,15.464,117.974,119.98,4.0,2.0,2.0,11.917,200.756,203.67,12.0,3.0,6.218,122.091,124.014,5.0,1.0,14.334,92.199,93.439,4.0,2.0,5.275,63.953,65.563,3.0,,,,,,,,,,,,,,,,,,,,,,,,,,,,,,,,,,,,,,,,,,,,,,,,,,,,,,,,,,,,,,,7,7,4.711,9.948,11.15,4,2.481,115.74,169.629,5.0,,,,,,,,,ADD,No_expl
141,2881,1,1,1,1,4,2,,,,,,,,,,,,,,,,,,,,,,,,,,,,,,,,,,,,,,,,,,,,,,,,,,,,,,,,,,,,,,,,,,,,,,,,,,,,,,,,,,,,,,,,,,,,,,,,,,,,,,,,,,,,,,,,,,,,,,,,,,,3.0,225.649,225.649,234.703,1.0,3.0,118.692,280.317,284.088,2.0,3.0,197.947,197.947,199.83,1.0,3.0,14.509,14.509,16.542,1.0,1.0,204.38,204.38,206.17,1.0,1.0,7.594,7.594,9.125,1.0,6.0,116.84,116.84,119.285,1.0,4.0,6.0,49.32,62.411,75.946,3.0,7.0,145.142,145.142,146.685,1.0,7.0,4.863,4.863,7.1,1.0,3.0,121.362,121.362,125.879,1.0,3.0,8.163,8.163,10.254,1.0,5,5,8.79,27.828,28.787,4,,,,,,,,,,,,,,,,,,,,,,,,,,,,,,,,,,,,,,,,,,,,,,,,,,,,,,,,,,,,,,,3.0,160.498,160.498,162.487,1.0,6.0,144.591,144.591,147.774,1.0,2.0,2.0,200.813,207.48,208.699,2.0,1.0,174.352,174.352,176.001,1.0,1.0,139.795,139.795,143.848,1.0,2.0,103.854,103.854,104.822,1.0,5,5,6.904,8.599,9.781,2,,,,,,,,,195.069,258.369,261.222,7.0,APP,Graph_expl
142,2390,1,1,1,1,2,3,,,,,,,,,,,,,,,,,,,,,,,,,,,,,,,,,,,,,,,,,,,,,,,,,,,,,,,,,,,,,,,,,,,,,,,,,,,,,,,,,,,,,,,,,,,,,,,,,,,,,,,,,,,,,,,,,,,,,,,,,,,3.0,443.079,443.079,445.72,1.0,3.0,109.399,109.399,112.039,1.0,7.0,173.893,173.893,176.034,1.0,7.0,47.685,47.685,49.744,1.0,1.0,150.723,150.723,162.184,1.0,1.0,25.57,25.57,27.831,1.0,6.0,129.126,129.126,131.38,1.0,4.0,3.0,16.476,22.577,25.779,2.0,7.0,99.905,99.905,103.55,1.0,7.0,46.384,46.384,54.26,1.0,3.0,56.313,56.313,57.771,1.0,3.0,17.813,21.813,32.884,2.0,6,7,27.96,38.516,40.293,2,,,,,,,,,,,,,,,,,,,,,,,,,,,,,,,,,,,,,,,,,,,,,,,,,,,,,,,,,,,,,,,3.0,25.3,54.286,57.954,6.0,6.0,62.118,99.604,107.485,2.0,2.0,2.0,36.879,46.156,48.6,2.0,1.0,26.054,26.054,29.305,1.0,1.0,229.25,292.942,295.319,2.0,2.0,37.665,37.665,40.077,1.0,5,6,4.206,7.044,31.866,2,,,,,,,,,101.612,168.256,173.719,3.0,APP,Graph_expl
143,2489,1,1,1,1,1,1,,,,,,,,,,,,,,,,,,,,,,,,,,,,,,,,,,,,,,,,,,,,,,,,,,,,,,,,,,,,,,,,,,,,,,,,,,,,,,,,,,,,,,,,,,,,,,,,,,,,,,,,,,,,,,,,,,,,,,,,,,,3.0,181.789,181.789,186.678,1.0,3.0,64.628,64.628,65.701,1.0,3.0,229.451,229.451,231.167,1.0,3.0,25.227,25.227,28.456,1.0,1.0,130.36,130.36,132.88,1.0,1.0,34.896,34.896,35.893,1.0,6.0,75.827,75.827,77.435,1.0,4.0,3.0,8.689,23.507,24.869,3.0,7.0,159.947,159.947,160.93,1.0,7.0,2.914,2.914,4.149,1.0,3.0,599.769,620.176,621.406,2.0,3.0,3.201,3.201,4.873,1.0,7,7,4.566,9.904,10.601,2,,,,,,,,,,,,,,,,,,,,,,,,,,,,,,,,,,,,,,,,,,,,,,,,,,,,,,,,,,,,,,,3.0,136.684,136.684,137.864,1.0,6.0,125.762,125.762,126.667,1.0,2.0,2.0,55.496,133.123,141.128,2.0,2.0,10.398,10.398,12.561,1.0,1.0,33.146,33.146,34.148,1.0,2.0,46.519,46.519,47.258,1.0,7,7,4.437,7.525,8.483,2,,,,,,,,,16.501,16.501,65.083,1.0,APP,Graph_expl
144,1293,1,1,1,1,2,2,1.0,20.359,84.476,85.339,5.0,3.0,13.629,43.599,44.572,3.0,5.0,74.627,74.627,75.525,1.0,1.0,14.479,22.766,24.81,3.0,5.0,64.918,64.918,65.987,1.0,4.0,54.362,54.362,54.974,1.0,7.0,52.77,52.77,53.363,1.0,4.0,4.0,5.194,42.587,43.197,2.0,1.0,62.976,62.976,63.808,1.0,2.0,15.215,15.215,15.88,1.0,2.0,36.573,36.573,69.532,1.0,3.0,42.366,42.366,60.174,1.0,,,,,,,,,,,,,,,,,,,,,,,,,,,,,,,,,,,,,,,,,,,,,,,,,,,,,,,,,,,,,,,,,,,,,,,,,,,,,,,,,,,,,,,,,,,,,,,,,,,,,,,,,,,,,,,,,,,,,,,,,,,7,7,5.576,7.059,7.904,2,3.0,24.434,36.005,62.806,2.0,1.0,16.281,16.281,52.734,1.0,2.0,2.0,108.833,114.606,123.402,2.0,3.0,117.314,117.314,118.272,1.0,1.0,58.214,58.214,59.285,1.0,2.0,20.088,20.088,21.646,1.0,,,,,,,,,,,,,,,,,,,,,,,,,,,,,,,,,,,,,,,,,,,,,,,,,,,,,,,,,,,,,,,7,7,2.021,3.26,3.861,3,9.459,90.268,107.398,4.0,,,,,,,,,ADD,Text_expl
145,2741,1,1,1,1,2,1,,,,,,,,,,,,,,,,,,,,,,,,,,,,,,,,,,,,,,,,,,,,,,,,,,,,,,,,,,,,,,,,,,,,,,,,,,,,,,,,,,,,,,,,,,,,,,,,,,,,,,,,,,,,,,,,,,,,,,,,,,,3.0,171.449,171.449,193.524,1.0,3.0,179.734,179.734,185.154,1.0,3.0,122.119,122.119,124.421,1.0,3.0,39.026,39.026,41.077,1.0,1.0,144.645,144.645,145.878,1.0,1.0,71.283,71.283,72.709,1.0,6.0,139.889,139.889,144.34,1.0,4.0,6.0,45.076,84.732,87.693,4.0,7.0,102.09,102.09,106.549,1.0,2.0,10.426,27.162,34.265,2.0,3.0,126.301,126.301,128.516,1.0,1.0,7.601,7.601,9.283,1.0,3,2,7.807,15.88,18.19,2,,,,,,,,,,,,,,,,,,,,,,,,,,,,,,,,,,,,,,,,,,,,,,,,,,,,,,,,,,,,,,,3.0,162.874,162.874,164.795,1.0,6.0,44.178,126.099,127.742,2.0,2.0,2.0,38.105,200.274,206.58,2.0,4.0,63.669,63.669,66.911,1.0,2.0,158.573,159.861,161.836,2.0,2.0,17.068,64.692,67.233,2.0,2,3,24.056,28.6,31.024,2,,,,,,,,,82.955,264.716,290.626,7.0,APP,Graph_expl
146,3078,1,1,1,1,4,2,1.0,79.781,79.781,81.233,1.0,1.0,11.07,11.07,12.544,1.0,5.0,71.476,71.476,72.222,1.0,5.0,2.686,2.686,4.244,1.0,5.0,74.247,74.247,75.665,1.0,5.0,3.874,3.874,5.207,1.0,7.0,130.974,130.974,132.347,1.0,4.0,7.0,3.017,11.708,19.037,3.0,1.0,81.018,81.018,83.694,1.0,1.0,34.444,34.444,36.101,1.0,2.0,46.017,46.017,47.996,1.0,2.0,4.494,4.494,6.059,1.0,,,,,,,,,,,,,,,,,,,,,,,,,,,,,,,,,,,,,,,,,,,,,,,,,,,,,,,,,,,,,,,,,,,,,,,,,,,,,,,,,,,,,,,,,,,,,,,,,,,,,,,,,,,,,,,,,,,,,,,,,,,6,5,4.035,10.317,13.49,2,3.0,67.763,67.763,68.878,1.0,1.0,2110.673,2110.673,2111.991,1.0,3.0,2.0,52.659,120.708,123.229,3.0,2.0,14.838,14.838,16.713,1.0,1.0,11.675,11.675,12.578,1.0,1.0,11.517,11.517,12.876,1.0,,,,,,,,,,,,,,,,,,,,,,,,,,,,,,,,,,,,,,,,,,,,,,,,,,,,,,,,,,,,,,,5,5,4.907,11.134,12.387,2,12.444,12.444,41.564,1.0,,,,,,,,,ADD,Text_expl
147,2508,1,1,1,1,4,1,,,,,,,,,,,,,,,,,,,,,,,,,,,,,,,,,,,,,,,,,,,,,,,,,,,,,,,,,,,,,,,,,,,,,,,,,,,,,,,,,,,,,,,,,,,,,,,,,,,,,,,,,,,,,,,,,,,,,,,,,,,3.0,4.514,176.326,177.999,7.0,4.0,24.606,115.401,117.205,6.0,7.0,18.347,167.595,169.328,7.0,7.0,24.384,167.327,169.707,14.0,1.0,6.85,231.895,233.194,11.0,7.0,6.495,70.927,72.033,5.0,2.0,19.531,27.038,31.303,5.0,4.0,6.0,15.321,29.528,31.512,7.0,7.0,4.666,76.821,78.542,3.0,2.0,3.924,38.654,40.199,4.0,3.0,2.27,87.604,89.243,5.0,1.0,12.436,99.447,100.517,6.0,7,7,5.357,10.705,11.718,5,,,,,,,,,,,,,,,,,,,,,,,,,,,,,,,,,,,,,,,,,,,,,,,,,,,,,,,,,,,,,,,3.0,17.446,77.672,79.053,7.0,6.0,5.383,50.238,51.742,5.0,3.0,2.0,25.761,209.069,210.027,12.0,1.0,66.732,103.611,105.43,4.0,2.0,28.259,137.126,138.132,4.0,2.0,7.617,41.37,42.964,4.0,6,5,4.112,8.597,9.884,4,,,,,,,,,16.99,114.361,157.052,11.0,APP,Text_expl
148,862,1,1,1,1,4,1,,,,,,,,,,,,,,,,,,,,,,,,,,,,,,,,,,,,,,,,,,,,,,,,,,,,,,,,,,,,,,,,,,,,,,,,,,,,,,,,,,,,,,,,,,,,,,,,,,,,,,,,,,,,,,,,,,,,,,,,,,,4.0,13.551,69.501,70.573,14.0,2.0,7.919,18.126,18.939,7.0,7.0,4.693,78.575,79.3,27.0,3.0,2.749,12.775,13.631,4.0,7.0,1.494,31.002,33.09,14.0,7.0,5.885,23.948,27.322,13.0,6.0,1.183,33.511,34.414,6.0,4.0,6.0,2.089,28.74,30.14,20.0,7.0,0.565,19.562,20.359,8.0,7.0,2.996,6.385,7.219,4.0,3.0,1.228,30.764,31.877,6.0,3.0,4.305,14.413,14.895,6.0,7,6,3.248,11.527,12.392,11,,,,,,,,,,,,,,,,,,,,,,,,,,,,,,,,,,,,,,,,,,,,,,,,,,,,,,,,,,,,,,,5.0,13.759,22.324,23.143,3.0,6.0,5.222,24.592,25.527,3.0,3.0,2.0,4.324,67.304,68.601,12.0,2.0,4.331,13.308,18.59,4.0,2.0,1.86,32.709,33.585,12.0,2.0,4.833,18.107,22.214,4.0,5,5,5.264,8.689,9.755,5,,,,,,,,,4.475,16.734,53.323,7.0,APP,Text_expl
149,706,1,1,1,1,1,2,,,,,,,,,,,,,,,,,,,,,,,,,,,,,,,,,,,,,,,,,,,,,,,,,,,,,,,,,,,,,,,,,,,,,,,,,,,,,,,,,,,,,,,,,,,,,,,,,,,,,,,,,,,,,,,,,,,,,,,,,,,3.0,94.834,94.834,96.256,1.0,3.0,43.688,43.688,46.061,1.0,5.0,62.876,62.876,64.306,1.0,5.0,27.047,28.959,29.578,2.0,1.0,12.879,12.879,14.7,1.0,1.0,1.198,1.582,2.827,2.0,6.0,17.524,17.524,18.55,1.0,4.0,6.0,1.665,12.998,14.276,4.0,7.0,16.897,16.897,17.884,1.0,7.0,1.985,1.985,2.834,1.0,1.0,5.013,5.013,6.491,1.0,1.0,1.748,1.748,3.157,1.0,6,4,3.661,7.185,8.455,2,,,,,,,,,,,,,,,,,,,,,,,,,,,,,,,,,,,,,,,,,,,,,,,,,,,,,,,,,,,,,,,1.0,13.659,13.659,15.0,1.0,6.0,8.73,8.73,14.11,1.0,1.0,2.0,26.148,32.376,34.17,2.0,3.0,5.609,5.609,7.126,1.0,1.0,11.641,11.697,13.812,2.0,1.0,9.489,9.489,10.823,1.0,4,3,5.081,9.355,10.589,2,,,,,,,,,9.901,52.494,55.84,4.0,APP,Graph_expl
150,2444,1,1,1,1,3,2,1.0,239.268,239.268,247.682,1.0,1.0,61.251,61.251,85.807,1.0,5.0,157.276,157.276,159.363,1.0,5.0,24.616,24.616,26.503,1.0,5.0,60.554,60.554,64.162,1.0,5.0,3.713,3.713,6.427,1.0,7.0,127.193,127.193,128.531,1.0,4.0,7.0,14.261,24.782,43.831,2.0,1.0,93.405,93.405,94.881,1.0,1.0,6.68,6.68,12.101,1.0,2.0,35.831,35.831,37.762,1.0,2.0,4.456,4.456,6.068,1.0,,,,,,,,,,,,,,,,,,,,,,,,,,,,,,,,,,,,,,,,,,,,,,,,,,,,,,,,,,,,,,,,,,,,,,,,,,,,,,,,,,,,,,,,,,,,,,,,,,,,,,,,,,,,,,,,,,,,,,,,,,,6,6,10.338,15.572,23.463,2,3.0,67.268,67.268,68.732,1.0,1.0,155.426,155.426,157.172,1.0,2.0,2.0,331.336,339.274,343.72,2.0,3.0,99.793,99.793,104.164,1.0,1.0,61.989,61.989,64.145,1.0,2.0,72.961,72.961,75.37,1.0,,,,,,,,,,,,,,,,,,,,,,,,,,,,,,,,,,,,,,,,,,,,,,,,,,,,,,,,,,,,,,,6,7,5.895,10.092,16.243,2,20.175,190.246,266.194,5.0,,,,,,,,,ADD,No_expl
151,618,1,1,1,1,1,1,3.0,61.823,61.823,62.799,1.0,1.0,11.753,11.753,37.981,1.0,5.0,22.025,22.025,23.321,1.0,5.0,2.919,2.919,4.79,1.0,5.0,20.13,20.996,21.415,2.0,5.0,2.566,2.566,3.602,1.0,4.0,21.582,21.582,22.639,1.0,4.0,4.0,7.286,17.304,18.656,2.0,1.0,13.375,13.375,14.278,1.0,1.0,1.473,1.473,2.286,1.0,6.0,12.392,12.392,13.192,1.0,2.0,4.215,4.215,5.602,1.0,,,,,,,,,,,,,,,,,,,,,,,,,,,,,,,,,,,,,,,,,,,,,,,,,,,,,,,,,,,,,,,,,,,,,,,,,,,,,,,,,,,,,,,,,,,,,,,,,,,,,,,,,,,,,,,,,,,,,,,,,,,5,5,3.098,5.294,6.399,2,3.0,19.213,19.213,20.051,1.0,1.0,16.465,17.214,17.575,2.0,2.0,2.0,69.74,105.636,116.276,3.0,3.0,79.92,81.78,82.616,2.0,1.0,19.275,19.275,20.371,1.0,2.0,10.196,10.196,11.161,1.0,,,,,,,,,,,,,,,,,,,,,,,,,,,,,,,,,,,,,,,,,,,,,,,,,,,,,,,,,,,,,,,4,4,1.702,2.882,3.981,2,9.654,12.876,56.321,2.0,,,,,,,,,ADD,Text_expl
152,909,1,1,1,1,2,2,1.0,88.856,88.856,95.146,1.0,1.0,14.892,14.892,17.526,1.0,4.0,53.373,56.771,57.279,2.0,5.0,11.547,11.547,12.438,1.0,4.0,23.89,23.89,25.201,1.0,5.0,36.7,36.7,37.954,1.0,4.0,32.49,32.49,33.324,1.0,4.0,3.0,16.793,42.002,42.813,4.0,1.0,15.873,15.873,17.33,1.0,1.0,2.33,2.33,3.66,1.0,2.0,8.972,20.035,22.351,4.0,2.0,1.917,1.917,2.765,1.0,,,,,,,,,,,,,,,,,,,,,,,,,,,,,,,,,,,,,,,,,,,,,,,,,,,,,,,,,,,,,,,,,,,,,,,,,,,,,,,,,,,,,,,,,,,,,,,,,,,,,,,,,,,,,,,,,,,,,,,,,,,7,7,5.55,9.205,10.414,2,3.0,91.024,91.024,92.9,1.0,1.0,56.226,56.226,57.455,1.0,2.0,2.0,14.279,100.834,107.698,2.0,3.0,26.624,26.624,29.544,1.0,1.0,54.604,54.604,56.119,1.0,2.0,17.532,17.532,18.682,1.0,,,,,,,,,,,,,,,,,,,,,,,,,,,,,,,,,,,,,,,,,,,,,,,,,,,,,,,,,,,,,,,7,6,3.762,7.124,7.924,3,34.518,34.902,44.556,2.0,,,,,,,,,ADD,Text_expl
153,15814,1,1,1,1,1,1,,,,,,,,,,,,,,,,,,,,,,,,,,,,,,,,,,,,,,,,,,,,,,,,,,,,,,,,,,,,,,,,,,,,,,,,,,,,,,,,,,,,,,,,,,,,,,,,,,,,,,,,,,,,,,,,,,,,,,,,,,,3.0,74.273,74.273,75.698,1.0,3.0,37.837,45.217,46.864,4.0,7.0,29.262,29.262,30.065,1.0,3.0,9.157,9.157,10.801,1.0,1.0,15.783,15.783,17.089,1.0,1.0,4.558,4.558,5.999,1.0,6.0,24.073,25.246,25.761,2.0,4.0,6.0,2.548,16.654,17.893,3.0,7.0,19.762,19.762,20.763,1.0,7.0,8.567,8.567,10.087,1.0,2.0,15.897,15.897,17.569,1.0,3.0,5.369,5.369,7.114,1.0,6,6,5.467,7.565,8.448,2,,,,,,,,,,,,,,,,,,,,,,,,,,,,,,,,,,,,,,,,,,,,,,,,,,,,,,,,,,,,,,,3.0,26.473,26.473,27.791,1.0,7.0,25.138,25.138,26.501,1.0,1.0,2.0,36.461,51.336,52.301,2.0,2.0,6.671,7.33,8.973,2.0,1.0,11.895,11.895,13.091,1.0,2.0,6.669,7.72,8.368,2.0,6,6,3.085,4.24,5.489,2,,,,,,,,,382.827,382.827,441.58,1.0,APP,Text_expl
154,1257,1,1,1,1,2,2,,,,,,,,,,,,,,,,,,,,,,,,,,,,,,,,,,,,,,,,,,,,,,,,,,,,,,,,,,,,,,,,,,,,,,,,,,,,,,,,,,,,,,,,,,,,,,,,,,,,,,,,,,,,,,,,,,,,,,,,,,,3.0,4.131,259.036,259.755,41.0,3.0,1.993,20.424,25.696,8.0,7.0,1.383,31.058,31.633,5.0,7.0,3.472,9.402,10.113,2.0,7.0,3.107,26.097,26.774,3.0,7.0,1.868,4.813,6.156,2.0,6.0,4.119,19.37,20.028,3.0,4.0,6.0,2.158,14.578,17.732,7.0,5.0,3.195,19.936,21.203,3.0,5.0,2.422,2.422,3.126,1.0,3.0,3.118,21.233,21.975,2.0,3.0,1.378,1.378,2.016,1.0,5,4,1.172,9.288,10.613,7,,,,,,,,,,,,,,,,,,,,,,,,,,,,,,,,,,,,,,,,,,,,,,,,,,,,,,,,,,,,,,,3.0,2.495,16.679,17.341,5.0,2.0,11.701,11.701,12.476,1.0,3.0,2.0,3.6,97.047,100.414,8.0,3.0,42.381,42.381,43.523,1.0,2.0,18.891,20.072,20.559,2.0,2.0,6.016,6.016,6.92,1.0,5,3,3.141,4.247,4.962,2,,,,,,,,,16.733,16.733,27.855,1.0,APP,Text_expl
155,1269,1,1,1,1,1,1,3.0,156.006,156.006,157.347,1.0,1.0,69.435,77.718,81.725,2.0,5.0,96.915,97.464,98.37,2.0,5.0,20.795,20.795,22.049,1.0,5.0,59.752,59.752,60.891,1.0,5.0,2.863,2.863,4.286,1.0,7.0,35.26,35.26,37.234,1.0,4.0,7.0,3.02,19.47,21.177,3.0,1.0,14.056,14.056,15.378,1.0,1.0,2.958,2.958,4.194,1.0,2.0,29.549,29.549,30.64,1.0,2.0,2.257,2.257,3.295,1.0,,,,,,,,,,,,,,,,,,,,,,,,,,,,,,,,,,,,,,,,,,,,,,,,,,,,,,,,,,,,,,,,,,,,,,,,,,,,,,,,,,,,,,,,,,,,,,,,,,,,,,,,,,,,,,,,,,,,,,,,,,,5,5,6.967,13.619,14.401,2,1.0,34.99,34.99,36.097,1.0,1.0,25.068,25.068,26.802,1.0,2.0,2.0,154.154,158.321,160.062,2.0,2.0,26.88,26.88,29.3,1.0,1.0,50.805,50.805,51.997,1.0,2.0,19.183,19.183,20.554,1.0,,,,,,,,,,,,,,,,,,,,,,,,,,,,,,,,,,,,,,,,,,,,,,,,,,,,,,,,,,,,,,,5,5,5.5,8.066,8.901,2,47.8,47.8,69.28,1.0,,,,,,,,,ADD,Graph_expl
156,528,1,1,1,1,2,1,3.0,45.989,45.989,47.903,1.0,3.0,17.741,17.741,18.85,1.0,5.0,28.095,28.095,29.589,1.0,5.0,2.849,2.849,4.443,1.0,5.0,13.527,13.527,14.685,1.0,5.0,2.216,2.216,3.133,1.0,4.0,16.357,16.357,17.534,1.0,4.0,4.0,8.038,15.347,16.773,3.0,1.0,11.819,11.819,12.705,1.0,1.0,1.955,1.955,3.188,1.0,3.0,12.547,12.547,13.688,1.0,2.0,7.921,7.921,9.221,1.0,,,,,,,,,,,,,,,,,,,,,,,,,,,,,,,,,,,,,,,,,,,,,,,,,,,,,,,,,,,,,,,,,,,,,,,,,,,,,,,,,,,,,,,,,,,,,,,,,,,,,,,,,,,,,,,,,,,,,,,,,,,6,6,4.092,12.255,13.066,5,3.0,19.123,19.123,20.369,1.0,1.0,14.463,14.463,15.813,1.0,4.0,2.0,83.991,86.132,87.947,2.0,1.0,17.529,17.529,19.093,1.0,2.0,18.36,18.36,19.825,1.0,2.0,23.553,23.553,25.028,1.0,,,,,,,,,,,,,,,,,,,,,,,,,,,,,,,,,,,,,,,,,,,,,,,,,,,,,,,,,,,,,,,2,2,3.178,6.989,8.702,3,25.773,25.773,36.004,1.0,,,,,,,,,ADD,No_expl
157,583,1,1,1,1,2,1,1.0,56.947,56.947,58.667,1.0,2.0,26.276,26.276,27.361,1.0,5.0,34.063,34.063,35.46,1.0,5.0,6.302,7.756,8.172,2.0,5.0,32.979,32.979,34.129,1.0,5.0,2.966,2.966,4.196,1.0,7.0,31.289,31.289,32.801,1.0,4.0,7.0,2.235,8.608,9.878,3.0,1.0,26.02,27.535,28.031,2.0,1.0,2.674,2.674,3.871,1.0,2.0,25.409,25.409,26.429,1.0,2.0,2.975,2.975,4.096,1.0,,,,,,,,,,,,,,,,,,,,,,,,,,,,,,,,,,,,,,,,,,,,,,,,,,,,,,,,,,,,,,,,,,,,,,,,,,,,,,,,,,,,,,,,,,,,,,,,,,,,,,,,,,,,,,,,,,,,,,,,,,,7,7,2.857,7.447,8.313,5,3.0,27.727,28.207,29.1,2.0,1.0,20.169,20.169,20.943,1.0,3.0,2.0,45.834,54.501,57.244,2.0,3.0,16.009,16.009,17.997,1.0,1.0,25.162,26.236,28.468,2.0,2.0,45.812,45.812,46.644,1.0,,,,,,,,,,,,,,,,,,,,,,,,,,,,,,,,,,,,,,,,,,,,,,,,,,,,,,,,,,,,,,,7,7,2.429,3.847,5.024,2,30.9,30.9,40.793,1.0,,,,,,,,,ADD,Text_expl
158,674,1,1,1,1,1,1,1.0,88.258,88.258,90.543,1.0,1.0,10.333,10.333,12.025,1.0,5.0,27.236,27.236,28.392,1.0,5.0,2.177,2.177,3.102,1.0,5.0,11.369,11.369,12.349,1.0,5.0,1.635,1.635,3.04,1.0,3.0,23.869,23.869,24.881,1.0,4.0,7.0,5.367,11.241,12.452,2.0,1.0,10.254,10.581,11.481,2.0,1.0,1.895,1.895,2.939,1.0,2.0,43.641,43.641,44.437,1.0,2.0,1.949,1.949,2.609,1.0,,,,,,,,,,,,,,,,,,,,,,,,,,,,,,,,,,,,,,,,,,,,,,,,,,,,,,,,,,,,,,,,,,,,,,,,,,,,,,,,,,,,,,,,,,,,,,,,,,,,,,,,,,,,,,,,,,,,,,,,,,,6,5,2.952,6.112,6.74,5,3.0,12.594,12.594,13.527,1.0,1.0,24.067,24.938,25.31,2.0,3.0,2.0,16.458,73.634,78.967,2.0,2.0,33.634,33.634,34.733,1.0,1.0,20.052,20.636,21.688,2.0,2.0,20.342,20.342,21.082,1.0,,,,,,,,,,,,,,,,,,,,,,,,,,,,,,,,,,,,,,,,,,,,,,,,,,,,,,,,,,,,,,,3,5,3.99,9.198,9.883,4,10.789,10.789,62.05,1.0,,,,,,,,,ADD,No_expl
159,1368,1,1,1,1,3,2,3.0,67.492,88.864,90.519,2.0,1.0,53.234,53.234,56.919,1.0,5.0,70.98,70.98,71.824,1.0,4.0,25.934,25.934,26.858,1.0,5.0,53.919,53.919,55.253,1.0,4.0,12.733,12.733,14.037,1.0,7.0,33.482,33.482,34.317,1.0,4.0,4.0,11.923,20.827,23.801,3.0,1.0,48.742,48.742,49.737,1.0,2.0,2.4,2.4,3.224,1.0,2.0,71.019,71.019,71.846,1.0,6.0,37.125,37.125,38.429,1.0,,,,,,,,,,,,,,,,,,,,,,,,,,,,,,,,,,,,,,,,,,,,,,,,,,,,,,,,,,,,,,,,,,,,,,,,,,,,,,,,,,,,,,,,,,,,,,,,,,,,,,,,,,,,,,,,,,,,,,,,,,,7,7,4.684,13.128,13.823,3,3.0,55.465,90.77,92.003,3.0,1.0,66.689,66.689,67.874,1.0,2.0,2.0,38.673,165.345,168.18,2.0,4.0,40.121,90.946,92.51,3.0,1.0,47.216,47.216,48.46,1.0,2.0,31.701,31.701,32.937,1.0,,,,,,,,,,,,,,,,,,,,,,,,,,,,,,,,,,,,,,,,,,,,,,,,,,,,,,,,,,,,,,,7,7,3.066,5.718,6.273,2,71.7,71.7,121.621,1.0,,,,,,,,,ADD,Text_expl
160,2125,1,1,1,1,2,2,1.0,124.239,124.998,127.861,2.0,1.0,59.765,60.811,63.487,2.0,5.0,74.407,75.09,77.44,2.0,5.0,9.489,10.211,17.233,2.0,5.0,25.96,25.96,27.431,1.0,5.0,34.507,35.746,38.339,2.0,4.0,35.715,35.715,37.262,1.0,4.0,7.0,25.932,68.976,70.001,3.0,1.0,30.668,30.668,31.981,1.0,1.0,4.29,5.577,7.819,2.0,2.0,21.439,22.136,24.174,2.0,2.0,4.832,4.832,6.203,1.0,,,,,,,,,,,,,,,,,,,,,,,,,,,,,,,,,,,,,,,,,,,,,,,,,,,,,,,,,,,,,,,,,,,,,,,,,,,,,,,,,,,,,,,,,,,,,,,,,,,,,,,,,,,,,,,,,,,,,,,,,,,6,5,5.442,10.364,11.595,3,3.0,54.186,55.112,56.477,2.0,1.0,93.809,93.809,94.881,1.0,2.0,2.0,123.201,130.422,133.33,4.0,3.0,91.537,94.559,100.464,3.0,1.0,106.407,106.407,107.387,1.0,2.0,114.245,114.245,115.345,1.0,,,,,,,,,,,,,,,,,,,,,,,,,,,,,,,,,,,,,,,,,,,,,,,,,,,,,,,,,,,,,,,6,6,5.51,13.817,14.9,3,75.945,75.945,190.577,1.0,,,,,,,,,ADD,No_expl
162,389,1,1,1,1,1,2,,,,,,,,,,,,,,,,,,,,,,,,,,,,,,,,,,,,,,,,,,,,,,,,,,,,,,,,,,,,,,4.0,17.118,18.637,33.106,3.0,4.0,10.658,10.658,15.212,1.0,1.0,8.922,8.922,10.134,1.0,1.0,8.113,8.113,9.143,1.0,7.0,11.702,12.931,13.373,2.0,3.0,2.785,6.463,9.389,2.0,1.0,4.152,5.208,5.949,2.0,4.0,2.0,2.132,22.796,23.634,4.0,7.0,5.823,5.823,6.851,1.0,6.0,7.355,7.355,8.13,1.0,2.0,2.798,2.798,5.346,1.0,4.0,4.867,4.867,7.444,1.0,,,,,,,,,,,,,,,,,,,,,,,,,,,,,,,,,,,,,,,,,,,,,,,,,,,,,,,,,,,,,,4,2,8.941,12.711,13.424,2,,,,,,,,,,,,,,,,,,,,,,,,,,,,,,,,2.0,8.345,8.345,9.42,1.0,1.0,6.874,7.86,8.418,2.0,2.0,2.0,30.998,46.164,47.711,3.0,3.0,21.767,21.767,23.961,1.0,2.0,6.736,11.649,12.72,2.0,1.0,1.004,1.004,6.136,1.0,,,,,,,,,,,,,,,,,,,,,,,,,,,,,,,,3,3,3.498,9.141,10.368,5,,,,,4.531,4.531,35.071,1.0,,,,,LMS,Graph_expl
163,430,1,1,1,1,3,1,,,,,,,,,,,,,,,,,,,,,,,,,,,,,,,,,,,,,,,,,,,,,,,,,,,,,,,,,,,,,,5.0,75.633,75.633,76.363,1.0,5.0,22.689,22.689,25.537,1.0,3.0,23.82,23.82,25.323,1.0,2.0,8.786,8.786,10.196,1.0,2.0,8.884,8.884,9.854,1.0,2.0,11.6,11.892,12.649,2.0,4.0,11.075,11.075,11.876,1.0,4.0,4.0,5.946,10.422,11.474,2.0,5.0,5.631,5.631,7.045,1.0,5.0,4.232,4.232,5.056,1.0,1.0,13.349,13.349,14.189,1.0,1.0,3.548,3.548,4.779,1.0,,,,,,,,,,,,,,,,,,,,,,,,,,,,,,,,,,,,,,,,,,,,,,,,,,,,,,,,,,,,,,5,5,5.544,8.48,9.028,2,,,,,,,,,,,,,,,,,,,,,,,,,,,,,,,,6.0,16.522,16.522,17.894,1.0,4.0,11.677,11.677,12.77,1.0,3.0,2.0,12.179,19.169,22.087,2.0,2.0,19.786,19.786,20.951,1.0,2.0,9.591,9.591,10.651,1.0,1.0,4.434,4.434,5.542,1.0,,,,,,,,,,,,,,,,,,,,,,,,,,,,,,,,5,5,2.721,4.502,5.276,2,,,,,24.61,24.61,39.822,1.0,,,,,LMS,Text_expl
164,572,1,1,1,1,3,2,,,,,,,,,,,,,,,,,,,,,,,,,,,,,,,,,,,,,,,,,,,,,,,,,,,,,,,,,,,,,,,,,,,,,,,,,,,,,,,,,,,,,,,,,,,,,,,,,,,,,,,,,,,,,,,,,,,,,,,,,,,2.0,86.302,86.302,88.228,1.0,3.0,28.678,28.678,30.015,1.0,3.0,21.073,21.073,24.916,1.0,3.0,8.467,8.467,10.972,1.0,2.0,20.683,20.683,21.964,1.0,1.0,8.403,8.403,14.967,1.0,4.0,12.644,12.644,14.784,1.0,4.0,3.0,6.471,19.049,20.352,3.0,7.0,17.717,22.25,22.981,2.0,7.0,1.973,1.973,19.231,1.0,3.0,16.426,16.426,17.952,1.0,3.0,18.323,18.323,19.403,1.0,3,2,6.192,13.006,14.974,3,,,,,,,,,,,,,,,,,,,,,,,,,,,,,,,,,,,,,,,,,,,,,,,,,,,,,,,,,,,,,,,4.0,22.16,22.16,23.018,1.0,6.0,15.61,15.61,16.402,1.0,3.0,2.0,50.518,54.944,56.09,2.0,4.0,6.736,6.736,8.242,1.0,2.0,4.462,23.659,24.384,3.0,2.0,14.127,14.127,14.7,1.0,2,2,2.65,5.595,6.667,3,,,,,,,,,25.971,25.971,34.058,1.0,APP,No_expl
165,453,1,1,1,1,1,1,,,,,,,,,,,,,,,,,,,,,,,,,,,,,,,,,,,,,,,,,,,,,,,,,,,,,,,,,,,,,,3.0,50.512,109.782,111.076,2.0,6.0,21.866,21.866,23.55,1.0,5.0,26.76,26.76,28.286,1.0,2.0,27.279,27.279,29.307,1.0,4.0,11.619,11.619,12.863,1.0,7.0,4.89,4.89,6.092,1.0,4.0,8.543,8.543,9.536,1.0,4.0,6.0,5.969,17.463,19.932,2.0,7.0,8.369,8.369,9.393,1.0,1.0,7.948,7.948,9.459,1.0,1.0,43.804,43.804,45.234,1.0,1.0,13.758,13.758,14.892,1.0,,,,,,,,,,,,,,,,,,,,,,,,,,,,,,,,,,,,,,,,,,,,,,,,,,,,,,,,,,,,,,3,3,2.836,5.496,7.588,2,,,,,,,,,,,,,,,,,,,,,,,,,,,,,,,,6.0,13.908,13.908,14.997,1.0,2.0,14.787,14.787,15.733,1.0,4.0,2.0,8.254,11.409,12.591,2.0,1.0,3.122,3.122,4.224,1.0,1.0,5.358,5.358,6.46,1.0,1.0,2.335,2.335,3.1,1.0,,,,,,,,,,,,,,,,,,,,,,,,,,,,,,,,1,1,3.835,5.606,6.721,2,,,,,4.783,4.783,12.746,1.0,,,,,LMS,No_expl
166,588,1,1,1,1,2,1,,,,,,,,,,,,,,,,,,,,,,,,,,,,,,,,,,,,,,,,,,,,,,,,,,,,,,,,,,,,,,5.0,51.766,53.702,54.929,3.0,5.0,17.526,18.752,19.771,2.0,2.0,32.07,33.726,34.956,2.0,2.0,7.615,8.71,9.838,2.0,3.0,18.5,20.056,21.233,2.0,3.0,3.972,5.258,6.396,2.0,2.0,16.889,18.256,19.245,2.0,4.0,2.0,3.217,15.416,16.507,6.0,7.0,12.002,12.963,13.727,2.0,7.0,3.034,4.102,5.179,2.0,4.0,19.949,21.421,22.575,2.0,4.0,2.71,3.79,4.909,2.0,,,,,,,,,,,,,,,,,,,,,,,,,,,,,,,,,,,,,,,,,,,,,,,,,,,,,,,,,,,,,,6,6,4.925,20.952,22.767,3,,,,,,,,,,,,,,,,,,,,,,,,,,,,,,,,1.0,19.574,21.289,23.038,2.0,3.0,15.13,17.465,18.637,2.0,4.0,2.0,85.002,97.266,99.251,5.0,3.0,17.456,23.464,26.089,3.0,1.0,13.096,14.272,15.475,2.0,2.0,6.122,8.909,9.912,3.0,,,,,,,,,,,,,,,,,,,,,,,,,,,,,,,,5,5,2.122,5.356,6.476,3,,,,,29.158,31.313,48.061,2.0,,,,,LMS,Graph_expl
167,516,1,1,1,1,1,2,,,,,,,,,,,,,,,,,,,,,,,,,,,,,,,,,,,,,,,,,,,,,,,,,,,,,,,,,,,,,,3.0,76.138,76.138,77.002,1.0,3.0,9.161,9.161,10.241,1.0,2.0,14.253,14.253,15.435,1.0,2.0,3.232,3.232,5.375,1.0,3.0,27.808,27.808,29.049,1.0,3.0,2.095,2.095,3.273,1.0,2.0,15.277,15.277,16.476,1.0,4.0,2.0,4.404,12.275,13.657,2.0,6.0,8.48,8.48,9.635,1.0,7.0,4.922,4.922,7.19,1.0,4.0,10.554,10.554,11.677,1.0,4.0,2.091,2.091,3.428,1.0,,,,,,,,,,,,,,,,,,,,,,,,,,,,,,,,,,,,,,,,,,,,,,,,,,,,,,,,,,,,,,6,6,2.575,4.903,5.473,2,,,,,,,,,,,,,,,,,,,,,,,,,,,,,,,,1.0,15.523,15.523,16.684,1.0,3.0,11.007,11.007,11.891,1.0,1.0,2.0,42.764,58.204,59.562,3.0,2.0,6.067,6.067,7.299,1.0,1.0,4.615,5.603,6.017,2.0,2.0,3.446,4.552,4.807,2.0,,,,,,,,,,,,,,,,,,,,,,,,,,,,,,,,5,5,2.36,3.546,5.058,2,,,,,13.665,68.743,69.177,4.0,,,,,LMS,Text_expl
169,701,1,1,1,1,2,2,,,,,,,,,,,,,,,,,,,,,,,,,,,,,,,,,,,,,,,,,,,,,,,,,,,,,,,,,,,,,,,,,,,,,,,,,,,,,,,,,,,,,,,,,,,,,,,,,,,,,,,,,,,,,,,,,,,,,,,,,,,2.0,72.113,72.113,73.428,1.0,3.0,34.78,34.78,35.841,1.0,7.0,52.424,52.424,53.38,1.0,7.0,30.093,30.093,31.447,1.0,7.0,25.445,25.445,26.049,1.0,7.0,1.802,1.802,3.701,1.0,6.0,13.874,13.874,14.52,1.0,4.0,6.0,3.508,12.132,12.8,3.0,5.0,21.266,21.266,21.924,1.0,5.0,2.228,2.228,2.904,1.0,3.0,9.636,9.636,10.328,1.0,3.0,3.111,3.111,4.065,1.0,7,6,4.53,8.546,9.878,2,,,,,,,,,,,,,,,,,,,,,,,,,,,,,,,,,,,,,,,,,,,,,,,,,,,,,,,,,,,,,,,3.0,27.244,27.244,29.198,1.0,6.0,14.582,14.582,15.207,1.0,1.0,2.0,36.596,42.94,44.122,2.0,4.0,44.335,44.335,45.506,1.0,1.0,64.334,64.334,64.929,1.0,2.0,11.799,11.799,12.418,1.0,6,6,3.076,4.349,6.45,2,,,,,,,,,49.936,87.128,98.357,3.0,APP,Text_expl
170,661,1,1,1,1,2,1,,,,,,,,,,,,,,,,,,,,,,,,,,,,,,,,,,,,,,,,,,,,,,,,,,,,,,,,,,,,,,,,,,,,,,,,,,,,,,,,,,,,,,,,,,,,,,,,,,,,,,,,,,,,,,,,,,,,,,,,,,,2.0,95.193,95.193,96.966,1.0,4.0,78.554,78.554,85.366,1.0,6.0,16.519,16.519,19.555,1.0,7.0,3.756,3.756,4.835,1.0,7.0,27.631,27.631,29.203,1.0,7.0,5.387,5.387,6.503,1.0,6.0,55.804,55.804,57.367,1.0,4.0,7.0,5.075,22.036,22.938,3.0,1.0,5.113,5.113,6.444,1.0,3.0,3.55,3.55,4.588,1.0,7.0,3.881,3.881,4.846,1.0,1.0,3.435,3.435,4.56,1.0,2,1,4.078,7.653,8.633,2,,,,,,,,,,,,,,,,,,,,,,,,,,,,,,,,,,,,,,,,,,,,,,,,,,,,,,,,,,,,,,,3.0,19.591,19.591,20.747,1.0,6.0,10.898,10.898,12.534,1.0,1.0,2.0,8.816,15.445,17.241,2.0,4.0,4.756,4.756,5.888,1.0,2.0,9.788,11.458,11.767,2.0,1.0,2.333,2.333,3.724,1.0,1,1,9.214,10.198,11.796,2,,,,,,,,,36.12,36.12,134.408,1.0,APP,No_expl
171,663,1,1,1,1,1,2,,,,,,,,,,,,,,,,,,,,,,,,,,,,,,,,,,,,,,,,,,,,,,,,,,,,,,,,,,,,,,,,,,,,,,,,,,,,,,,,,,,,,,,,,,,,,,,,,,,,,,,,,,,,,,,,,,,,,,,,,,,1.0,68.326,68.326,69.497,1.0,3.0,18.839,18.839,22.674,1.0,3.0,21.361,21.361,22.17,1.0,3.0,3.879,3.879,5.606,1.0,2.0,12.492,31.408,31.589,3.0,1.0,15.565,15.565,16.169,1.0,1.0,21.415,22.044,22.293,2.0,4.0,3.0,16.667,27.451,28.344,2.0,7.0,23.363,23.363,24.085,1.0,7.0,1.792,1.792,2.733,1.0,1.0,21.692,21.692,22.584,1.0,3.0,13.402,13.402,14.444,1.0,7,6,3.513,5.838,7.607,2,,,,,,,,,,,,,,,,,,,,,,,,,,,,,,,,,,,,,,,,,,,,,,,,,,,,,,,,,,,,,,,3.0,34.014,34.691,35.21,2.0,6.0,19.41,19.917,20.148,2.0,3.0,2.0,29.365,51.881,53.178,2.0,3.0,70.617,70.617,71.547,1.0,2.0,23.464,23.464,24.51,1.0,1.0,9.457,9.457,10.281,1.0,5,5,3.772,6.014,6.782,2,,,,,,,,,12.617,12.617,61.1,1.0,APP,No_expl
172,616,1,1,1,1,1,1,,,,,,,,,,,,,,,,,,,,,,,,,,,,,,,,,,,,,,,,,,,,,,,,,,,,,,,,,,,,,,5.0,4.731,67.068,109.838,29.0,5.0,20.5,20.5,21.51,1.0,3.0,18.882,20.098,20.673,2.0,2.0,9.379,9.379,11.07,1.0,4.0,36.734,36.734,38.457,1.0,4.0,3.78,3.78,4.922,1.0,2.0,13.061,13.061,14.539,1.0,4.0,2.0,8.839,22.567,23.546,4.0,6.0,19.806,19.806,20.961,1.0,7.0,4.408,4.408,5.615,1.0,1.0,14.246,14.246,15.287,1.0,1.0,2.364,4.634,5.574,3.0,,,,,,,,,,,,,,,,,,,,,,,,,,,,,,,,,,,,,,,,,,,,,,,,,,,,,,,,,,,,,,4,2,5.999,10.096,11.271,2,,,,,,,,,,,,,,,,,,,,,,,,,,,,,,,,7.0,23.312,23.312,24.334,1.0,4.0,6.715,6.715,8.087,1.0,3.0,2.0,37.39,59.233,61.915,3.0,3.0,28.132,28.132,29.387,1.0,2.0,8.547,8.547,9.684,1.0,1.0,5.312,5.312,6.289,1.0,,,,,,,,,,,,,,,,,,,,,,,,,,,,,,,,4,2,2.904,5.603,7.164,3,,,,,19.069,68.186,75.44,5.0,,,,,LMS,No_expl
173,530,1,1,1,1,2,1,,,,,,,,,,,,,,,,,,,,,,,,,,,,,,,,,,,,,,,,,,,,,,,,,,,,,,,,,,,,,,5.0,33.265,50.931,52.0,4.0,5.0,8.657,8.657,20.341,1.0,2.0,31.885,31.885,32.571,1.0,2.0,6.632,6.632,7.855,1.0,4.0,18.5,18.5,19.232,1.0,4.0,4.36,4.36,5.717,1.0,2.0,11.771,11.771,12.732,1.0,4.0,2.0,5.628,8.098,10.073,2.0,7.0,13.533,13.533,14.855,1.0,7.0,2.287,2.287,3.384,1.0,4.0,18.479,18.479,19.112,1.0,4.0,1.601,1.601,2.7,1.0,,,,,,,,,,,,,,,,,,,,,,,,,,,,,,,,,,,,,,,,,,,,,,,,,,,,,,,,,,,,,,7,7,5.371,7.465,8.881,2,,,,,,,,,,,,,,,,,,,,,,,,,,,,,,,,1.0,16.222,16.222,17.69,1.0,3.0,11.792,11.792,13.088,1.0,4.0,2.0,69.216,95.633,96.951,3.0,2.0,31.653,31.653,45.866,1.0,1.0,15.212,15.212,17.684,1.0,2.0,10.006,10.006,12.682,1.0,,,,,,,,,,,,,,,,,,,,,,,,,,,,,,,,7,7,3.859,5.217,6.2,2,,,,,22.545,22.545,47.03,1.0,,,,,LMS,Text_expl
175,752,1,1,1,1,1,2,,,,,,,,,,,,,,,,,,,,,,,,,,,,,,,,,,,,,,,,,,,,,,,,,,,,,,,,,,,,,,,,,,,,,,,,,,,,,,,,,,,,,,,,,,,,,,,,,,,,,,,,,,,,,,,,,,,,,,,,,,,3.0,19.885,39.501,41.123,2.0,1.0,48.721,48.721,51.519,1.0,3.0,54.832,54.832,56.263,1.0,3.0,5.979,5.979,16.617,1.0,1.0,11.856,11.856,12.781,1.0,1.0,4.763,4.763,7.001,1.0,1.0,29.256,29.256,30.279,1.0,4.0,3.0,2.26,14.156,17.523,3.0,2.0,7.924,7.924,8.932,1.0,7.0,3.899,3.899,4.896,1.0,2.0,12.354,12.354,13.576,1.0,3.0,4.876,4.876,6.346,1.0,6,5,2.046,4.727,6.135,2,,,,,,,,,,,,,,,,,,,,,,,,,,,,,,,,,,,,,,,,,,,,,,,,,,,,,,,,,,,,,,,3.0,20.748,20.748,22.274,1.0,6.0,11.016,11.016,12.197,1.0,3.0,2.0,70.786,90.218,91.233,2.0,4.0,47.852,47.852,50.218,1.0,1.0,21.923,21.923,23.09,1.0,2.0,11.504,11.504,12.914,1.0,5,5,2.414,3.774,4.716,2,,,,,,,,,31.235,50.243,62.776,2.0,APP,No_expl
176,731,1,1,1,1,3,1,,,,,,,,,,,,,,,,,,,,,,,,,,,,,,,,,,,,,,,,,,,,,,,,,,,,,,,,,,,,,,,,,,,,,,,,,,,,,,,,,,,,,,,,,,,,,,,,,,,,,,,,,,,,,,,,,,,,,,,,,,,3.0,86.312,86.312,87.945,1.0,3.0,13.82,13.82,17.982,1.0,3.0,20.335,20.335,21.292,1.0,3.0,7.068,7.068,9.169,1.0,1.0,31.301,31.301,32.552,1.0,1.0,3.238,3.238,4.502,1.0,4.0,16.036,16.036,17.73,1.0,4.0,3.0,19.018,47.947,51.695,6.0,7.0,23.439,23.439,24.789,1.0,7.0,3.659,3.659,5.75,1.0,7.0,14.422,14.422,15.235,1.0,3.0,9.88,9.88,11.077,1.0,7,7,3.601,6.171,7.661,2,,,,,,,,,,,,,,,,,,,,,,,,,,,,,,,,,,,,,,,,,,,,,,,,,,,,,,,,,,,,,,,5.0,40.576,40.576,41.328,1.0,7.0,40.8,40.8,42.172,1.0,3.0,2.0,48.063,57.066,58.7,2.0,2.0,4.924,4.924,6.485,1.0,1.0,30.045,30.045,32.701,1.0,2.0,14.516,14.516,15.493,1.0,7,7,5.937,7.524,8.601,2,,,,,,,,,26.574,71.673,74.789,5.0,APP,No_expl
177,662,1,1,1,1,2,1,,,,,,,,,,,,,,,,,,,,,,,,,,,,,,,,,,,,,,,,,,,,,,,,,,,,,,,,,,,,,,4.0,84.659,84.659,120.09,1.0,4.0,16.92,16.92,17.931,1.0,5.0,17.687,17.687,18.858,1.0,2.0,5.4,9.566,15.898,2.0,3.0,13.787,13.787,15.66,1.0,3.0,4.564,4.564,6.962,1.0,2.0,22.145,22.145,23.574,1.0,4.0,2.0,2.236,7.345,10.163,3.0,7.0,11.677,11.677,13.015,1.0,7.0,2.26,2.26,3.507,1.0,4.0,18.727,18.727,19.412,1.0,4.0,2.48,2.48,3.452,1.0,,,,,,,,,,,,,,,,,,,,,,,,,,,,,,,,,,,,,,,,,,,,,,,,,,,,,,,,,,,,,,6,6,4.687,7.169,7.998,2,,,,,,,,,,,,,,,,,,,,,,,,,,,,,,,,1.0,30.311,30.311,31.61,1.0,3.0,16.647,16.647,18.342,1.0,4.0,2.0,59.515,64.501,66.468,2.0,2.0,23.98,23.98,31.899,1.0,1.0,23.86,23.86,24.865,1.0,2.0,43.682,43.682,44.979,1.0,,,,,,,,,,,,,,,,,,,,,,,,,,,,,,,,6,6,2.658,4.339,5.138,2,,,,,11.653,11.653,32.449,1.0,,,,,LMS,No_expl
178,705,1,1,1,1,3,2,,,,,,,,,,,,,,,,,,,,,,,,,,,,,,,,,,,,,,,,,,,,,,,,,,,,,,,,,,,,,,3.0,34.833,34.833,36.293,1.0,7.0,29.5,29.5,30.263,1.0,2.0,16.45,16.45,17.669,1.0,5.0,24.736,24.736,25.854,1.0,3.0,25.567,25.567,26.748,1.0,7.0,81.825,81.825,82.989,1.0,2.0,17.236,17.236,17.912,1.0,4.0,4.0,7.608,20.784,21.767,2.0,7.0,9.442,9.442,10.263,1.0,1.0,28.996,28.996,30.13,1.0,4.0,13.84,13.84,14.592,1.0,1.0,8.135,8.135,9.201,1.0,,,,,,,,,,,,,,,,,,,,,,,,,,,,,,,,,,,,,,,,,,,,,,,,,,,,,,,,,,,,,,7,7,2.712,4.601,5.186,2,,,,,,,,,,,,,,,,,,,,,,,,,,,,,,,,1.0,16.367,16.367,17.329,1.0,3.0,11.093,11.093,12.122,1.0,2.0,2.0,142.115,199.002,199.994,3.0,4.0,14.573,14.573,15.742,1.0,1.0,12.963,12.963,14.158,1.0,2.0,11.636,11.636,12.688,1.0,,,,,,,,,,,,,,,,,,,,,,,,,,,,,,,,7,7,1.929,3.296,4.418,2,,,,,27.457,27.457,62.04,1.0,,,,,LMS,Graph_expl
179,677,1,1,1,1,3,1,,,,,,,,,,,,,,,,,,,,,,,,,,,,,,,,,,,,,,,,,,,,,,,,,,,,,,,,,,,,,,5.0,66.846,66.846,68.003,1.0,5.0,16.585,16.585,17.733,1.0,3.0,25.305,25.305,26.036,1.0,3.0,11.681,11.681,13.293,1.0,4.0,17.432,17.432,18.284,1.0,4.0,1.722,1.722,2.392,1.0,2.0,12.73,12.73,13.929,1.0,4.0,2.0,6.694,13.286,17.162,2.0,6.0,17.239,17.239,17.851,1.0,7.0,9.199,9.534,10.645,2.0,1.0,11.683,11.683,12.735,1.0,1.0,1.599,1.599,8.771,1.0,,,,,,,,,,,,,,,,,,,,,,,,,,,,,,,,,,,,,,,,,,,,,,,,,,,,,,,,,,,,,,7,5,1.71,4.383,6.834,2,,,,,,,,,,,,,,,,,,,,,,,,,,,,,,,,1.0,30.799,30.799,32.915,1.0,3.0,21.472,21.472,22.708,1.0,4.0,2.0,102.61,131.37,132.751,3.0,2.0,41.72,41.72,71.925,1.0,1.0,23.831,23.831,24.596,1.0,2.0,10.149,10.149,11.147,1.0,,,,,,,,,,,,,,,,,,,,,,,,,,,,,,,,6,5,2.07,4.166,4.889,2,,,,,18.975,61.119,68.989,6.0,,,,,LMS,No_expl
180,671,1,1,1,1,2,1,,,,,,,,,,,,,,,,,,,,,,,,,,,,,,,,,,,,,,,,,,,,,,,,,,,,,,,,,,,,,,4.0,87.761,87.761,88.478,1.0,4.0,28.625,28.625,29.797,1.0,3.0,21.948,21.948,22.696,1.0,3.0,8.203,9.376,11.804,2.0,4.0,8.788,8.788,9.841,1.0,4.0,9.632,9.632,10.591,1.0,2.0,20.858,20.858,21.822,1.0,4.0,4.0,5.084,11.569,12.776,2.0,6.0,9.857,9.857,10.893,1.0,6.0,4.201,4.201,5.438,1.0,1.0,14.483,14.483,15.39,1.0,1.0,4.071,4.071,5.379,1.0,,,,,,,,,,,,,,,,,,,,,,,,,,,,,,,,,,,,,,,,,,,,,,,,,,,,,,,,,,,,,,6,5,3.529,7.718,8.287,4,,,,,,,,,,,,,,,,,,,,,,,,,,,,,,,,7.0,23.419,23.419,24.598,1.0,7.0,7.153,7.153,7.851,1.0,3.0,2.0,43.224,47.395,49.266,2.0,3.0,16.652,16.652,17.746,1.0,2.0,8.563,10.327,10.657,4.0,2.0,4.208,4.208,4.901,1.0,,,,,,,,,,,,,,,,,,,,,,,,,,,,,,,,6,6,2.16,5.405,5.848,3,,,,,112.283,166.769,169.516,7.0,,,,,LMS,No_expl
181,882,1,1,1,1,2,1,,,,,,,,,,,,,,,,,,,,,,,,,,,,,,,,,,,,,,,,,,,,,,,,,,,,,,,,,,,,,,5.0,57.68,57.68,58.742,1.0,5.0,39.127,39.127,39.916,1.0,2.0,32.326,32.958,33.683,2.0,3.0,11.669,11.669,14.379,1.0,4.0,46.239,46.239,47.028,1.0,4.0,5.113,5.113,6.398,1.0,2.0,18.913,18.913,19.967,1.0,4.0,4.0,26.267,30.707,32.073,2.0,7.0,12.496,12.496,14.149,1.0,7.0,7.695,7.695,8.971,1.0,4.0,24.914,24.914,25.718,1.0,4.0,8.003,8.003,9.057,1.0,,,,,,,,,,,,,,,,,,,,,,,,,,,,,,,,,,,,,,,,,,,,,,,,,,,,,,,,,,,,,,5,5,2.917,8.565,9.242,3,,,,,,,,,,,,,,,,,,,,,,,,,,,,,,,,1.0,22.208,22.208,32.012,1.0,3.0,27.53,27.53,28.31,1.0,4.0,2.0,41.184,48.392,49.757,2.0,2.0,33.776,33.776,41.766,1.0,1.0,10.45,10.45,12.399,1.0,2.0,8.534,8.534,10.603,1.0,,,,,,,,,,,,,,,,,,,,,,,,,,,,,,,,6,5,3.952,5.288,6.005,2,,,,,16.654,16.654,91.203,1.0,,,,,LMS,Graph_expl
182,830,1,1,1,1,2,2,,,,,,,,,,,,,,,,,,,,,,,,,,,,,,,,,,,,,,,,,,,,,,,,,,,,,,,,,,,,,,3.0,69.945,69.945,71.599,1.0,5.0,7.444,60.765,65.051,5.0,2.0,38.431,38.431,42.645,1.0,5.0,21.416,21.416,23.901,1.0,3.0,23.803,23.803,25.249,1.0,4.0,11.034,11.034,13.896,1.0,2.0,21.577,21.577,22.394,1.0,4.0,4.0,11.316,15.054,19.382,2.0,7.0,17.276,17.276,17.88,1.0,1.0,9.853,9.853,11.999,1.0,4.0,15.135,15.135,16.014,1.0,1.0,4.207,4.207,8.407,1.0,,,,,,,,,,,,,,,,,,,,,,,,,,,,,,,,,,,,,,,,,,,,,,,,,,,,,,,,,,,,,,6,4,4.677,18.582,19.36,10,,,,,,,,,,,,,,,,,,,,,,,,,,,,,,,,1.0,40.129,40.129,41.173,1.0,3.0,23.837,23.837,39.134,1.0,1.0,2.0,28.209,78.543,80.052,4.0,2.0,12.401,49.311,49.702,4.0,1.0,31.46,31.46,32.196,1.0,2.0,9.074,9.074,11.595,1.0,,,,,,,,,,,,,,,,,,,,,,,,,,,,,,,,6,5,2.993,4.552,5.389,2,,,,,19.212,117.815,140.549,10.0,,,,,LMS,Graph_expl
183,560,1,1,1,1,3,1,,,,,,,,,,,,,,,,,,,,,,,,,,,,,,,,,,,,,,,,,,,,,,,,,,,,,,,,,,,,,,5.0,5.401,68.35,69.801,8.0,5.0,11.847,11.847,16.405,1.0,5.0,15.505,39.132,48.972,4.0,5.0,8.845,8.845,12.059,1.0,4.0,11.343,16.416,21.24,2.0,4.0,9.234,9.234,12.019,1.0,2.0,13.099,13.099,14.873,1.0,4.0,2.0,9.35,15.832,18.092,2.0,7.0,16.341,16.341,16.992,1.0,7.0,2.137,2.137,2.926,1.0,1.0,7.589,7.589,8.784,1.0,1.0,5.126,5.126,6.726,1.0,,,,,,,,,,,,,,,,,,,,,,,,,,,,,,,,,,,,,,,,,,,,,,,,,,,,,,,,,,,,,,5,5,2.317,10.243,11.447,5,,,,,,,,,,,,,,,,,,,,,,,,,,,,,,,,1.0,8.213,8.213,12.2,1.0,3.0,15.129,15.129,18.086,1.0,2.0,2.0,7.925,43.983,49.065,6.0,3.0,19.222,19.222,20.546,1.0,1.0,8.517,15.991,17.276,3.0,2.0,5.0,5.0,6.194,1.0,,,,,,,,,,,,,,,,,,,,,,,,,,,,,,,,5,5,3.03,3.863,7.298,2,,,,,19.108,19.108,58.354,1.0,,,,,LMS,No_expl
185,777,1,1,1,1,4,1,,,,,,,,,,,,,,,,,,,,,,,,,,,,,,,,,,,,,,,,,,,,,,,,,,,,,,,,,,,,,,,,,,,,,,,,,,,,,,,,,,,,,,,,,,,,,,,,,,,,,,,,,,,,,,,,,,,,,,,,,,,2.0,122.902,122.902,124.208,1.0,3.0,22.343,22.343,25.019,1.0,3.0,49.829,49.829,50.737,1.0,3.0,4.94,4.94,7.334,1.0,1.0,30.103,30.103,31.064,1.0,1.0,2.696,2.696,4.019,1.0,6.0,36.983,36.983,38.186,1.0,4.0,3.0,7.07,18.582,19.802,3.0,5.0,34.859,34.859,36.311,1.0,7.0,7.183,7.183,8.506,1.0,3.0,33.996,33.996,37.031,1.0,3.0,3.283,3.283,6.079,1.0,6,5,3.178,12.435,13.093,3,,,,,,,,,,,,,,,,,,,,,,,,,,,,,,,,,,,,,,,,,,,,,,,,,,,,,,,,,,,,,,,3.0,28.915,28.915,29.693,1.0,5.0,37.78,37.78,38.768,1.0,4.0,2.0,36.598,47.846,52.369,2.0,3.0,26.965,26.965,29.256,1.0,1.0,36.885,36.885,46.832,1.0,1.0,20.49,20.49,21.789,1.0,6,6,3.273,6.561,8.244,3,,,,,,,,,34.708,34.708,67.183,1.0,APP,Text_expl
186,809,1,1,1,1,2,2,,,,,,,,,,,,,,,,,,,,,,,,,,,,,,,,,,,,,,,,,,,,,,,,,,,,,,,,,,,,,,,,,,,,,,,,,,,,,,,,,,,,,,,,,,,,,,,,,,,,,,,,,,,,,,,,,,,,,,,,,,,3.0,87.796,87.796,89.042,1.0,3.0,6.36,6.36,7.897,1.0,3.0,63.388,63.388,64.368,1.0,3.0,1.632,1.632,3.311,1.0,1.0,38.489,38.489,39.745,1.0,1.0,1.2,1.2,2.099,1.0,6.0,38.947,38.947,39.959,1.0,4.0,6.0,7.324,49.852,50.994,2.0,7.0,54.759,55.184,55.666,2.0,7.0,1.3,1.3,1.816,1.0,3.0,43.439,43.439,44.214,1.0,3.0,1.289,1.289,1.967,1.0,6,6,2.312,4.933,6.301,2,,,,,,,,,,,,,,,,,,,,,,,,,,,,,,,,,,,,,,,,,,,,,,,,,,,,,,,,,,,,,,,3.0,62.307,62.307,63.368,1.0,6.0,64.684,64.684,65.56,1.0,2.0,2.0,54.025,57.344,58.144,3.0,4.0,30.922,30.922,32.261,1.0,1.0,32.28,32.28,33.277,1.0,2.0,23.001,23.001,23.831,1.0,6,6,1.801,3.229,3.774,2,,,,,,,,,31.297,57.891,58.427,2.0,APP,No_expl
187,850,1,1,1,1,1,2,,,,,,,,,,,,,,,,,,,,,,,,,,,,,,,,,,,,,,,,,,,,,,,,,,,,,,,,,,,,,,5.0,6.429,79.369,81.435,5.0,5.0,19.335,19.335,22.538,1.0,2.0,33.797,33.797,35.3,1.0,2.0,7.584,7.584,8.774,1.0,4.0,50.323,50.323,51.647,1.0,4.0,3.551,3.551,7.357,1.0,2.0,36.592,36.592,37.756,1.0,4.0,2.0,1.582,14.098,17.278,3.0,7.0,32.251,32.251,33.182,1.0,7.0,1.673,1.673,2.276,1.0,4.0,26.246,26.246,27.491,1.0,4.0,2.105,2.105,2.86,1.0,,,,,,,,,,,,,,,,,,,,,,,,,,,,,,,,,,,,,,,,,,,,,,,,,,,,,,,,,,,,,,7,6,4.088,12.364,14.03,6,,,,,,,,,,,,,,,,,,,,,,,,,,,,,,,,1.0,23.451,23.451,24.855,1.0,3.0,29.521,29.521,30.101,1.0,4.0,2.0,34.759,103.772,105.455,3.0,2.0,67.09,89.074,91.081,2.0,1.0,28.455,28.455,32.464,1.0,2.0,8.712,8.712,23.585,1.0,,,,,,,,,,,,,,,,,,,,,,,,,,,,,,,,7,6,4.902,6.459,6.945,3,,,,,38.333,38.333,101.532,1.0,,,,,LMS,Text_expl
188,809,1,1,1,1,1,2,,,,,,,,,,,,,,,,,,,,,,,,,,,,,,,,,,,,,,,,,,,,,,,,,,,,,,,,,,,,,,5.0,18.597,18.597,19.859,1.0,5.0,24.6,25.199,26.504,2.0,5.0,22.924,22.924,24.27,1.0,5.0,19.664,19.664,20.548,1.0,4.0,11.612,11.612,13.436,1.0,4.0,5.903,17.194,18.065,3.0,4.0,22.785,22.785,24.195,1.0,4.0,4.0,12.399,25.857,29.425,3.0,6.0,13.476,13.476,14.162,1.0,6.0,13.727,88.585,90.36,4.0,1.0,44.988,56.952,57.686,2.0,1.0,63.379,75.4,76.81,2.0,,,,,,,,,,,,,,,,,,,,,,,,,,,,,,,,,,,,,,,,,,,,,,,,,,,,,,,,,,,,,,5,5,4.41,7.042,7.746,2,,,,,,,,,,,,,,,,,,,,,,,,,,,,,,,,1.0,28.852,28.852,30.438,1.0,3.0,2.033,14.563,17.081,3.0,2.0,2.0,29.597,44.982,46.254,3.0,4.0,2.586,2.586,3.692,1.0,1.0,4.959,4.959,6.239,1.0,2.0,23.778,36.441,36.904,3.0,,,,,,,,,,,,,,,,,,,,,,,,,,,,,,,,5,5,2.051,3.766,4.725,3,,,,,4.329,52.503,83.488,3.0,,,,,LMS,No_expl
189,782,1,1,1,1,2,2,,,,,,,,,,,,,,,,,,,,,,,,,,,,,,,,,,,,,,,,,,,,,,,,,,,,,,,,,,,,,,3.0,80.809,80.809,82.091,1.0,3.0,47.109,47.109,48.517,1.0,2.0,34.577,34.577,36.326,1.0,2.0,2.89,2.89,6.413,1.0,3.0,20.609,20.609,21.986,1.0,3.0,3.19,3.19,4.82,1.0,2.0,19.276,19.276,20.763,1.0,4.0,2.0,3.801,17.655,21.065,3.0,7.0,20.291,20.291,21.518,1.0,7.0,8.525,8.525,9.649,1.0,4.0,16.307,16.307,18.027,1.0,4.0,3.91,3.91,6.517,1.0,,,,,,,,,,,,,,,,,,,,,,,,,,,,,,,,,,,,,,,,,,,,,,,,,,,,,,,,,,,,,,6,5,11.509,15.184,18.621,5,,,,,,,,,,,,,,,,,,,,,,,,,,,,,,,,1.0,21.63,21.63,23.69,1.0,3.0,11.316,11.316,12.717,1.0,4.0,2.0,44.526,89.468,98.771,2.0,2.0,25.244,25.244,26.666,1.0,1.0,15.222,15.222,16.201,1.0,2.0,19.536,19.536,21.41,1.0,,,,,,,,,,,,,,,,,,,,,,,,,,,,,,,,6,6,4.31,5.777,6.571,2,,,,,24.413,24.413,95.717,1.0,,,,,LMS,No_expl
190,795,1,1,1,1,2,2,,,,,,,,,,,,,,,,,,,,,,,,,,,,,,,,,,,,,,,,,,,,,,,,,,,,,,,,,,,,,,5.0,2.199,10.915,11.852,4.0,5.0,41.11,41.11,41.801,1.0,3.0,12.896,32.069,32.373,4.0,3.0,2.551,2.551,3.254,1.0,3.0,23.674,47.545,48.222,3.0,3.0,6.318,6.318,7.049,1.0,2.0,12.599,12.599,13.244,1.0,4.0,2.0,2.03,22.34,29.624,5.0,6.0,47.905,49.176,49.947,2.0,7.0,3.719,12.895,13.558,2.0,4.0,26.984,26.984,27.599,1.0,4.0,3.136,3.136,4.055,1.0,,,,,,,,,,,,,,,,,,,,,,,,,,,,,,,,,,,,,,,,,,,,,,,,,,,,,,,,,,,,,,6,6,3.359,6.378,7.766,3,,,,,,,,,,,,,,,,,,,,,,,,,,,,,,,,1.0,8.549,41.644,42.521,2.0,3.0,20.613,20.613,21.315,1.0,1.0,2.0,35.165,78.725,80.202,8.0,1.0,29.854,57.301,61.265,4.0,1.0,24.041,24.041,24.747,1.0,2.0,7.841,9.051,10.033,2.0,,,,,,,,,,,,,,,,,,,,,,,,,,,,,,,,6,6,2.996,4.68,5.186,2,,,,,29.966,87.54,110.158,4.0,,,,,LMS,Graph_expl
191,825,1,1,1,1,4,2,,,,,,,,,,,,,,,,,,,,,,,,,,,,,,,,,,,,,,,,,,,,,,,,,,,,,,,,,,,,,,5.0,132.926,132.926,134.916,1.0,5.0,28.664,28.664,30.048,1.0,2.0,42.642,42.642,59.934,1.0,2.0,3.76,3.76,4.937,1.0,3.0,31.905,31.905,33.087,1.0,3.0,2.163,2.163,3.887,1.0,2.0,19.777,19.777,21.073,1.0,4.0,2.0,2.268,9.848,15.664,3.0,7.0,22.62,22.62,23.44,1.0,7.0,5.257,5.257,6.803,1.0,4.0,19.813,19.813,21.381,1.0,4.0,3.617,3.617,5.436,1.0,,,,,,,,,,,,,,,,,,,,,,,,,,,,,,,,,,,,,,,,,,,,,,,,,,,,,,,,,,,,,,7,7,4.975,6.189,7.705,2,,,,,,,,,,,,,,,,,,,,,,,,,,,,,,,,1.0,25.151,25.151,26.849,1.0,3.0,28.492,28.492,31.015,1.0,4.0,2.0,90.212,102.376,104.386,2.0,2.0,36.789,36.789,39.261,1.0,1.0,8.535,8.535,13.866,1.0,2.0,3.849,3.849,7.679,1.0,,,,,,,,,,,,,,,,,,,,,,,,,,,,,,,,7,7,2.277,3.5,4.717,2,,,,,82.427,82.427,114.106,1.0,,,,,LMS,Graph_expl
193,1001,1,1,1,1,2,2,,,,,,,,,,,,,,,,,,,,,,,,,,,,,,,,,,,,,,,,,,,,,,,,,,,,,,,,,,,,,,5.0,88.599,88.599,89.707,1.0,3.0,23.427,23.427,25.505,1.0,2.0,51.627,51.627,53.237,1.0,2.0,6.485,6.485,7.737,1.0,3.0,43.379,43.379,44.625,1.0,3.0,4.181,4.181,5.241,1.0,2.0,18.382,18.382,38.101,1.0,4.0,2.0,2.943,15.565,21.234,3.0,7.0,21.358,21.358,22.317,1.0,7.0,4.289,4.289,5.355,1.0,4.0,23.017,23.017,24.153,1.0,4.0,3.173,3.173,4.246,1.0,,,,,,,,,,,,,,,,,,,,,,,,,,,,,,,,,,,,,,,,,,,,,,,,,,,,,,,,,,,,,,5,7,2.889,13.35,14.845,3,,,,,,,,,,,,,,,,,,,,,,,,,,,,,,,,1.0,29.873,29.873,31.387,1.0,3.0,23.319,23.319,24.47,1.0,4.0,2.0,71.322,81.563,82.722,3.0,2.0,35.65,84.98,87.112,4.0,1.0,38.737,39.294,41.654,2.0,2.0,28.212,28.212,29.87,1.0,,,,,,,,,,,,,,,,,,,,,,,,,,,,,,,,6,7,5.269,7.172,8.502,2,,,,,27.374,27.374,226.926,1.0,,,,,LMS,Graph_expl
194,737,1,1,1,1,2,2,,,,,,,,,,,,,,,,,,,,,,,,,,,,,,,,,,,,,,,,,,,,,,,,,,,,,,,,,,,,,,6.0,1.996,73.344,73.602,15.0,4.0,3.69,54.672,54.988,22.0,2.0,2.49,24.907,25.243,7.0,3.0,4.189,28.28,28.632,15.0,7.0,9.352,51.65,52.018,10.0,5.0,5.321,29.072,29.439,14.0,2.0,2.285,15.618,16.074,5.0,4.0,2.0,15.984,36.268,37.534,8.0,7.0,1.609,15.042,15.545,5.0,7.0,1.651,5.367,5.663,3.0,4.0,1.587,13.604,13.886,4.0,4.0,0.98,14.333,14.801,15.0,,,,,,,,,,,,,,,,,,,,,,,,,,,,,,,,,,,,,,,,,,,,,,,,,,,,,,,,,,,,,,6,5,3.951,10.319,10.756,8,,,,,,,,,,,,,,,,,,,,,,,,,,,,,,,,7.0,6.393,32.207,33.027,5.0,3.0,11.706,16.639,17.156,3.0,3.0,2.0,11.451,89.581,90.831,14.0,2.0,2.995,48.194,48.941,8.0,1.0,9.633,14.367,14.846,3.0,2.0,3.97,6.211,6.598,3.0,,,,,,,,,,,,,,,,,,,,,,,,,,,,,,,,5,5,2.431,8.163,8.483,8,,,,,2.595,36.212,36.714,11.0,,,,,LMS,Graph_expl
195,743,1,1,1,1,1,1,,,,,,,,,,,,,,,,,,,,,,,,,,,,,,,,,,,,,,,,,,,,,,,,,,,,,,,,,,,,,,,,,,,,,,,,,,,,,,,,,,,,,,,,,,,,,,,,,,,,,,,,,,,,,,,,,,,,,,,,,,,1.0,9.887,59.26,61.273,40.0,4.0,1.061,24.618,25.977,37.0,3.0,0.974,19.006,20.268,18.0,3.0,3.35,32.335,33.635,15.0,3.0,28.926,28.926,31.235,1.0,4.0,16.137,16.137,19.862,1.0,4.0,10.668,10.668,12.678,1.0,4.0,2.0,8.391,29.249,31.534,2.0,2.0,53.879,53.879,55.368,1.0,7.0,32.828,32.828,33.867,1.0,1.0,8.263,8.263,9.8,1.0,3.0,5.763,5.763,7.119,1.0,5,5,22.572,26.128,28.07,2,,,,,,,,,,,,,,,,,,,,,,,,,,,,,,,,,,,,,,,,,,,,,,,,,,,,,,,,,,,,,,,5.0,14.446,14.446,18.33,1.0,1.0,9.43,9.43,14.897,1.0,2.0,2.0,14.125,32.294,37.572,2.0,2.0,6.19,6.19,11.842,1.0,1.0,11.54,11.54,13.385,1.0,1.0,8.858,8.858,10.155,1.0,3,3,5.163,7.44,9.405,2,,,,,,,,,26.729,26.729,47.264,1.0,APP,No_expl
196,960,1,1,1,1,1,2,,,,,,,,,,,,,,,,,,,,,,,,,,,,,,,,,,,,,,,,,,,,,,,,,,,,,,,,,,,,,,5.0,67.236,67.236,91.164,1.0,5.0,33.779,34.472,35.825,2.0,2.0,91.321,91.321,93.105,1.0,2.0,7.753,7.753,10.973,1.0,3.0,30.602,30.602,31.751,1.0,3.0,2.537,2.537,6.787,1.0,2.0,22.834,22.834,24.617,1.0,4.0,2.0,2.883,13.046,18.345,3.0,7.0,17.001,17.001,18.601,1.0,7.0,2.617,2.617,4.124,1.0,4.0,15.176,15.176,16.597,1.0,4.0,1.621,1.621,2.707,1.0,,,,,,,,,,,,,,,,,,,,,,,,,,,,,,,,,,,,,,,,,,,,,,,,,,,,,,,,,,,,,,7,7,4.362,7.87,8.721,2,,,,,,,,,,,,,,,,,,,,,,,,,,,,,,,,1.0,23.552,23.552,26.766,1.0,3.0,19.51,19.51,20.822,1.0,4.0,2.0,83.939,98.844,104.512,3.0,2.0,24.725,59.866,73.249,4.0,1.0,19.892,19.892,22.089,1.0,2.0,16.341,16.341,18.118,1.0,,,,,,,,,,,,,,,,,,,,,,,,,,,,,,,,7,7,4.126,6.075,8.443,2,,,,,16.026,99.755,108.969,6.0,,,,,LMS,Text_expl
197,1059,1,1,1,1,1,1,,,,,,,,,,,,,,,,,,,,,,,,,,,,,,,,,,,,,,,,,,,,,,,,,,,,,,,,,,,,,,5.0,53.414,53.414,70.985,1.0,3.0,36.819,36.819,37.838,1.0,2.0,34.934,34.934,61.986,1.0,2.0,7.404,7.404,8.18,1.0,3.0,23.195,23.195,73.775,1.0,3.0,6.833,6.833,7.979,1.0,2.0,17.365,17.365,32.752,1.0,4.0,2.0,11.173,16.797,17.644,2.0,7.0,23.7,23.7,39.323,1.0,7.0,6.948,6.948,8.129,1.0,1.0,72.156,72.156,72.846,1.0,1.0,3.486,3.486,4.218,1.0,,,,,,,,,,,,,,,,,,,,,,,,,,,,,,,,,,,,,,,,,,,,,,,,,,,,,,,,,,,,,,7,7,3.265,7.821,8.43,3,,,,,,,,,,,,,,,,,,,,,,,,,,,,,,,,1.0,11.645,11.645,23.38,1.0,3.0,11.48,11.48,19.285,1.0,4.0,2.0,24.255,159.022,159.75,9.0,2.0,55.727,76.275,87.3,2.0,1.0,23.851,23.851,24.54,1.0,2.0,18.929,18.929,19.981,1.0,,,,,,,,,,,,,,,,,,,,,,,,,,,,,,,,7,7,2.601,5.033,5.673,2,,,,,47.273,47.273,92.334,1.0,,,,,LMS,Graph_expl
198,800,1,1,1,1,2,2,,,,,,,,,,,,,,,,,,,,,,,,,,,,,,,,,,,,,,,,,,,,,,,,,,,,,,,,,,,,,,5.0,95.646,95.646,98.004,1.0,5.0,55.142,55.142,59.715,1.0,2.0,45.339,45.339,46.82,1.0,2.0,10.417,10.417,11.931,1.0,3.0,40.913,40.913,43.222,1.0,3.0,10.47,10.47,12.983,1.0,2.0,22.429,22.429,23.239,1.0,4.0,2.0,11.081,16.422,20.456,2.0,7.0,19.728,19.728,20.481,1.0,7.0,3.316,3.316,4.294,1.0,4.0,13.717,13.717,14.423,1.0,4.0,2.601,2.601,3.564,1.0,,,,,,,,,,,,,,,,,,,,,,,,,,,,,,,,,,,,,,,,,,,,,,,,,,,,,,,,,,,,,,7,7,3.85,6.153,11.793,2,,,,,,,,,,,,,,,,,,,,,,,,,,,,,,,,1.0,25.927,25.927,26.595,1.0,3.0,15.139,15.139,16.049,1.0,4.0,2.0,13.534,97.46,99.126,2.0,2.0,24.94,24.94,27.059,1.0,1.0,17.814,17.814,19.532,1.0,2.0,8.648,8.648,10.869,1.0,,,,,,,,,,,,,,,,,,,,,,,,,,,,,,,,7,7,3.58,4.812,7.826,2,,,,,13.078,22.494,110.37,2.0,,,,,LMS,Graph_expl
199,868,1,1,1,1,1,1,,,,,,,,,,,,,,,,,,,,,,,,,,,,,,,,,,,,,,,,,,,,,,,,,,,,,,,,,,,,,,5.0,12.424,82.993,84.585,4.0,5.0,17.383,81.223,82.562,2.0,2.0,30.578,30.578,32.551,1.0,5.0,27.871,27.871,28.861,1.0,3.0,27.83,27.83,29.479,1.0,4.0,16.938,16.938,18.114,1.0,2.0,15.775,15.775,16.817,1.0,4.0,4.0,19.758,22.686,26.316,2.0,7.0,12.491,12.491,13.9,1.0,6.0,18.484,18.484,20.0,1.0,4.0,15.208,15.208,15.902,1.0,1.0,13.971,13.971,14.697,1.0,,,,,,,,,,,,,,,,,,,,,,,,,,,,,,,,,,,,,,,,,,,,,,,,,,,,,,,,,,,,,,6,6,4.314,6.877,7.988,2,,,,,,,,,,,,,,,,,,,,,,,,,,,,,,,,1.0,19.452,19.452,20.365,1.0,3.0,13.872,13.872,14.927,1.0,4.0,2.0,14.622,157.647,159.328,2.0,2.0,58.831,58.831,60.443,1.0,1.0,18.686,18.686,19.987,1.0,2.0,13.875,13.875,15.804,1.0,,,,,,,,,,,,,,,,,,,,,,,,,,,,,,,,6,6,2.558,3.773,4.931,2,,,,,21.768,71.868,86.191,3.0,,,,,LMS,Text_expl
200,857,1,1,1,1,5,1,,,,,,,,,,,,,,,,,,,,,,,,,,,,,,,,,,,,,,,,,,,,,,,,,,,,,,,,,,,,,,5.0,4.447,58.828,59.801,8.0,5.0,3.578,24.296,25.532,5.0,3.0,4.704,50.712,51.94,6.0,3.0,3.214,25.648,26.943,7.0,3.0,3.573,34.521,35.719,5.0,3.0,3.162,10.94,11.809,4.0,2.0,4.506,21.268,22.549,3.0,4.0,2.0,3.1,13.046,14.667,4.0,7.0,3.905,29.745,30.944,4.0,7.0,2.773,7.984,9.051,3.0,4.0,2.237,19.625,21.117,3.0,4.0,4.181,7.921,9.612,3.0,,,,,,,,,,,,,,,,,,,,,,,,,,,,,,,,,,,,,,,,,,,,,,,,,,,,,,,,,,,,,,6,5,4.009,10.699,11.948,4,,,,,,,,,,,,,,,,,,,,,,,,,,,,,,,,7.0,3.771,27.25,28.201,4.0,3.0,17.321,23.563,24.673,4.0,2.0,2.0,5.088,146.868,147.993,24.0,4.0,4.182,56.44,57.941,9.0,1.0,3.708,30.616,31.724,5.0,2.0,14.541,15.731,17.239,2.0,,,,,,,,,,,,,,,,,,,,,,,,,,,,,,,,5,5,4.703,10.637,12.065,5,,,,,16.508,63.527,102.582,7.0,,,,,LMS,Text_expl
202,778,1,1,1,1,2,2,,,,,,,,,,,,,,,,,,,,,,,,,,,,,,,,,,,,,,,,,,,,,,,,,,,,,,,,,,,,,,,,,,,,,,,,,,,,,,,,,,,,,,,,,,,,,,,,,,,,,,,,,,,,,,,,,,,,,,,,,,,3.0,2.305,81.283,82.7,16.0,1.0,37.32,37.512,38.617,2.0,3.0,15.328,16.799,17.601,3.0,3.0,48.708,48.909,49.79,2.0,7.0,25.338,27.907,28.878,3.0,4.0,27.793,27.952,29.361,2.0,6.0,8.477,11.198,12.0,3.0,4.0,6.0,5.879,17.681,19.4,6.0,3.0,15.679,18.929,19.761,5.0,6.0,8.448,8.629,10.128,2.0,3.0,4.66,14.181,15.092,3.0,3.0,18.124,25.131,25.901,4.0,6,5,4.992,8.624,9.382,4,,,,,,,,,,,,,,,,,,,,,,,,,,,,,,,,,,,,,,,,,,,,,,,,,,,,,,,,,,,,,,,3.0,30.54,30.719,31.559,2.0,4.0,12.958,13.093,14.0,2.0,3.0,2.0,61.29,76.372,77.003,5.0,2.0,31.752,31.859,52.102,2.0,1.0,27.371,28.818,30.58,4.0,2.0,8.758,8.939,9.651,2.0,5,5,3.182,5.61,6.575,4,,,,,,,,,4.22,88.454,90.501,5.0,APP,No_expl
203,1086,1,1,1,1,2,1,,,,,,,,,,,,,,,,,,,,,,,,,,,,,,,,,,,,,,,,,,,,,,,,,,,,,,,,,,,,,,,,,,,,,,,,,,,,,,,,,,,,,,,,,,,,,,,,,,,,,,,,,,,,,,,,,,,,,,,,,,,3.0,164.93,164.93,168.215,1.0,3.0,22.055,22.055,26.9,1.0,7.0,47.124,47.124,48.429,1.0,7.0,13.276,13.276,15.451,1.0,4.0,85.324,85.324,86.578,1.0,4.0,33.332,33.332,34.617,1.0,6.0,54.187,54.187,55.989,1.0,4.0,6.0,6.355,32.533,34.786,3.0,7.0,39.558,39.558,40.591,1.0,7.0,4.437,4.437,7.341,1.0,1.0,18.53,18.53,19.725,1.0,1.0,8.241,8.241,11.453,1.0,6,5,9.09,18.83,20.047,2,,,,,,,,,,,,,,,,,,,,,,,,,,,,,,,,,,,,,,,,,,,,,,,,,,,,,,,,,,,,,,,1.0,36.286,52.592,54.784,2.0,6.0,25.567,25.567,27.632,1.0,3.0,2.0,79.404,85.783,88.266,2.0,1.0,5.073,5.073,8.329,1.0,2.0,18.669,18.669,19.737,1.0,2.0,17.552,17.552,19.093,1.0,5,5,7.108,10.478,12.001,2,,,,,,,,,56.388,87.389,89.778,3.0,APP,No_expl
204,770,1,1,1,1,1,1,,,,,,,,,,,,,,,,,,,,,,,,,,,,,,,,,,,,,,,,,,,,,,,,,,,,,,,,,,,,,,5.0,18.696,18.696,20.073,1.0,5.0,27.208,27.208,29.597,1.0,5.0,20.778,20.778,21.852,1.0,5.0,15.786,15.786,17.477,1.0,4.0,16.443,16.443,17.95,1.0,4.0,11.966,11.966,13.923,1.0,4.0,17.358,17.358,18.215,1.0,4.0,4.0,7.037,12.453,14.094,2.0,1.0,97.491,97.491,98.913,1.0,6.0,8.21,8.21,9.729,1.0,1.0,10.939,10.939,11.829,1.0,1.0,2.691,2.691,4.327,1.0,,,,,,,,,,,,,,,,,,,,,,,,,,,,,,,,,,,,,,,,,,,,,,,,,,,,,,,,,,,,,,2,2,3.332,5.633,6.701,2,,,,,,,,,,,,,,,,,,,,,,,,,,,,,,,,1.0,25.904,25.904,27.377,1.0,3.0,14.152,14.152,15.459,1.0,4.0,2.0,58.382,67.482,68.989,2.0,4.0,93.401,93.401,94.793,1.0,1.0,21.797,23.23,25.236,2.0,2.0,9.758,9.758,10.497,1.0,,,,,,,,,,,,,,,,,,,,,,,,,,,,,,,,2,2,2.55,3.867,5.202,2,,,,,30.901,69.953,82.179,5.0,,,,,LMS,No_expl
205,1114,1,1,1,1,2,1,,,,,,,,,,,,,,,,,,,,,,,,,,,,,,,,,,,,,,,,,,,,,,,,,,,,,,,,,,,,,,5.0,121.726,121.726,123.883,1.0,3.0,38.122,38.122,42.691,1.0,2.0,49.839,49.839,54.695,1.0,2.0,13.061,13.061,14.618,1.0,3.0,27.964,27.964,29.055,1.0,3.0,2.17,2.17,3.109,1.0,2.0,21.412,21.412,22.953,1.0,4.0,2.0,2.685,17.083,20.823,3.0,7.0,25.147,25.147,38.218,1.0,7.0,4.268,4.268,5.89,1.0,4.0,9.595,44.445,46.135,2.0,4.0,1.705,1.705,2.611,1.0,,,,,,,,,,,,,,,,,,,,,,,,,,,,,,,,,,,,,,,,,,,,,,,,,,,,,,,,,,,,,,5,4,13.051,16.485,17.391,2,,,,,,,,,,,,,,,,,,,,,,,,,,,,,,,,1.0,62.413,62.413,63.786,1.0,3.0,18.3,18.3,19.791,1.0,4.0,2.0,108.501,113.901,115.891,2.0,2.0,83.988,83.988,112.931,1.0,1.0,16.413,16.413,18.037,1.0,2.0,13.37,13.37,16.14,1.0,,,,,,,,,,,,,,,,,,,,,,,,,,,,,,,,7,7,5.887,7.537,8.359,2,,,,,30.584,150.92,152.572,8.0,,,,,LMS,Graph_expl
206,603,1,1,1,1,3,1,,,,,,,,,,,,,,,,,,,,,,,,,,,,,,,,,,,,,,,,,,,,,,,,,,,,,,,,,,,,,,4.0,1.221,81.68,83.13,14.0,4.0,1.709,25.039,27.267,7.0,2.0,1.563,43.48,45.334,10.0,2.0,1.142,5.452,6.283,4.0,3.0,5.826,35.515,36.429,9.0,3.0,1.277,3.24,4.24,2.0,4.0,1.563,16.625,17.389,5.0,4.0,2.0,0.994,20.648,21.499,9.0,7.0,7.401,19.216,20.099,4.0,7.0,0.936,2.85,3.597,2.0,4.0,0.828,8.336,9.1,4.0,4.0,1.162,9.915,10.946,4.0,,,,,,,,,,,,,,,,,,,,,,,,,,,,,,,,,,,,,,,,,,,,,,,,,,,,,,,,,,,,,,5,4,4.385,10.892,11.301,6,,,,,,,,,,,,,,,,,,,,,,,,,,,,,,,,1.0,3.768,19.478,20.2,4.0,3.0,1.185,20.555,22.184,3.0,2.0,2.0,1.193,32.761,33.976,10.0,1.0,1.365,23.465,28.471,7.0,1.0,0.996,23.796,24.876,6.0,2.0,0.662,9.748,10.562,5.0,,,,,,,,,,,,,,,,,,,,,,,,,,,,,,,,6,5,3.963,11.734,15.4,9,,,,,3.593,42.497,75.442,8.0,,,,,LMS,Text_expl
208,603,1,1,1,1,3,1,,,,,,,,,,,,,,,,,,,,,,,,,,,,,,,,,,,,,,,,,,,,,,,,,,,,,,,,,,,,,,5.0,25.259,78.399,79.291,5.0,5.0,8.268,21.303,21.936,3.0,5.0,29.702,49.9,50.973,4.0,5.0,2.671,3.934,4.504,3.0,4.0,20.115,22.162,22.893,3.0,4.0,1.935,4.151,4.62,3.0,4.0,17.357,18.151,18.847,2.0,4.0,4.0,2.05,8.931,10.332,4.0,6.0,20.204,67.957,68.635,7.0,6.0,2.075,2.501,3.332,2.0,1.0,19.79,20.542,21.106,2.0,1.0,1.436,3.112,3.601,3.0,,,,,,,,,,,,,,,,,,,,,,,,,,,,,,,,,,,,,,,,,,,,,,,,,,,,,,,,,,,,,,7,2,3.897,11.751,12.788,4,,,,,,,,,,,,,,,,,,,,,,,,,,,,,,,,7.0,5.261,9.075,9.909,3.0,7.0,1.811,2.375,3.078,2.0,3.0,2.0,33.067,86.165,86.682,5.0,3.0,18.358,22.138,22.671,3.0,1.0,22.597,36.186,37.188,3.0,2.0,5.042,9.666,10.295,3.0,,,,,,,,,,,,,,,,,,,,,,,,,,,,,,,,5,5,2.55,10.085,10.804,6,,,,,12.618,31.56,44.883,6.0,,,,,LMS,Text_expl
209,1071,1,1,1,1,4,2,,,,,,,,,,,,,,,,,,,,,,,,,,,,,,,,,,,,,,,,,,,,,,,,,,,,,,,,,,,,,,5.0,3.915,110.101,110.702,17.0,2.0,2.367,75.167,76.202,23.0,3.0,1.078,30.662,31.569,7.0,2.0,0.34,13.69,14.801,5.0,3.0,0.809,47.546,49.282,9.0,2.0,0.608,88.393,89.534,18.0,2.0,0.323,28.309,29.282,7.0,4.0,2.0,0.396,32.364,33.302,10.0,7.0,1.158,23.806,24.779,8.0,7.0,0.996,13.28,14.343,5.0,4.0,1.055,36.658,38.3,7.0,5.0,13.654,19.989,26.071,3.0,,,,,,,,,,,,,,,,,,,,,,,,,,,,,,,,,,,,,,,,,,,,,,,,,,,,,,,,,,,,,,6,4,4.307,17.189,18.493,6,,,,,,,,,,,,,,,,,,,,,,,,,,,,,,,,1.0,3.678,48.197,49.201,8.0,3.0,2.875,24.243,26.293,7.0,3.0,2.0,1.713,68.243,69.794,14.0,4.0,1.887,33.472,36.962,8.0,1.0,2.182,30.751,31.648,8.0,2.0,1.385,18.352,19.32,6.0,,,,,,,,,,,,,,,,,,,,,,,,,,,,,,,,5,4,3.723,13.039,14.181,6,,,,,9.391,43.015,73.701,7.0,,,,,LMS,Graph_expl
210,794,1,1,1,1,2,2,,,,,,,,,,,,,,,,,,,,,,,,,,,,,,,,,,,,,,,,,,,,,,,,,,,,,,,,,,,,,,3.0,3.637,67.066,68.725,2.0,3.0,7.712,7.712,9.755,1.0,2.0,34.586,34.586,35.722,1.0,2.0,3.153,3.153,4.575,1.0,3.0,24.49,25.026,26.456,2.0,3.0,1.958,1.958,3.901,1.0,2.0,21.39,21.39,22.986,1.0,4.0,2.0,2.072,7.816,9.524,3.0,7.0,15.367,15.367,16.803,1.0,7.0,3.048,3.048,3.869,1.0,4.0,15.077,15.077,16.798,1.0,4.0,3.285,3.285,4.468,1.0,,,,,,,,,,,,,,,,,,,,,,,,,,,,,,,,,,,,,,,,,,,,,,,,,,,,,,,,,,,,,,6,7,4.834,8.812,10.213,3,,,,,,,,,,,,,,,,,,,,,,,,,,,,,,,,1.0,16.438,16.438,18.291,1.0,3.0,17.365,17.365,18.926,1.0,4.0,2.0,80.662,85.858,87.459,2.0,2.0,49.777,105.851,148.841,2.0,1.0,17.771,17.771,19.283,1.0,2.0,13.793,13.793,15.78,1.0,,,,,,,,,,,,,,,,,,,,,,,,,,,,,,,,6,6,3.971,7.685,9.624,4,,,,,64.95,64.95,106.633,1.0,,,,,LMS,No_expl
211,964,1,1,1,1,2,2,,,,,,,,,,,,,,,,,,,,,,,,,,,,,,,,,,,,,,,,,,,,,,,,,,,,,,,,,,,,,,,,,,,,,,,,,,,,,,,,,,,,,,,,,,,,,,,,,,,,,,,,,,,,,,,,,,,,,,,,,,,3.0,141.176,141.176,147.672,1.0,3.0,8.034,8.034,9.249,1.0,7.0,80.431,80.431,81.062,1.0,7.0,17.343,17.343,18.638,1.0,1.0,78.554,78.554,79.841,1.0,1.0,2.269,2.269,3.34,1.0,6.0,66.997,66.997,67.739,1.0,4.0,6.0,3.478,32.709,33.506,3.0,7.0,46.892,46.892,47.545,1.0,7.0,1.717,1.717,2.307,1.0,3.0,79.524,79.524,80.226,1.0,3.0,4.546,4.546,5.568,1.0,6,5,7.29,10.993,11.784,2,,,,,,,,,,,,,,,,,,,,,,,,,,,,,,,,,,,,,,,,,,,,,,,,,,,,,,,,,,,,,,,3.0,59.903,59.903,63.894,1.0,6.0,55.612,55.612,56.634,1.0,3.0,2.0,81.534,84.157,85.06,2.0,2.0,1.574,1.574,2.282,1.0,2.0,33.678,33.678,34.5,1.0,1.0,1.57,2.514,3.039,2.0,4,4,3.226,4.355,5.337,3,,,,,,,,,14.89,14.89,48.993,1.0,APP,No_expl
212,835,1,1,1,1,1,1,,,,,,,,,,,,,,,,,,,,,,,,,,,,,,,,,,,,,,,,,,,,,,,,,,,,,,,,,,,,,,6.0,9.214,65.864,67.296,5.0,7.0,9.363,21.115,23.794,3.0,5.0,23.183,26.49,27.862,3.0,2.0,15.927,29.633,30.715,4.0,2.0,22.66,26.459,27.75,3.0,3.0,4.739,14.654,15.836,5.0,1.0,7.512,9.856,11.424,2.0,4.0,2.0,59.399,75.387,76.86,6.0,5.0,11.512,14.602,15.702,2.0,7.0,2.103,5.709,6.797,3.0,5.0,5.02,6.955,8.349,2.0,4.0,3.178,6.304,7.433,3.0,,,,,,,,,,,,,,,,,,,,,,,,,,,,,,,,,,,,,,,,,,,,,,,,,,,,,,,,,,,,,,5,5,6.653,11.197,12.703,3,,,,,,,,,,,,,,,,,,,,,,,,,,,,,,,,6.0,3.175,140.955,142.094,2.0,4.0,3.834,10.143,11.375,2.0,1.0,2.0,3.304,99.098,100.438,7.0,4.0,3.052,25.445,26.677,3.0,1.0,2.102,10.69,12.237,2.0,1.0,5.387,9.915,11.092,3.0,,,,,,,,,,,,,,,,,,,,,,,,,,,,,,,,5,5,2.794,6.528,7.727,3,,,,,19.261,77.781,79.163,18.0,,,,,LMS,Graph_expl
213,803,1,1,1,1,1,2,,,,,,,,,,,,,,,,,,,,,,,,,,,,,,,,,,,,,,,,,,,,,,,,,,,,,,,,,,,,,,,,,,,,,,,,,,,,,,,,,,,,,,,,,,,,,,,,,,,,,,,,,,,,,,,,,,,,,,,,,,,2.0,2.286,118.467,119.503,7.0,3.0,25.166,27.686,28.937,2.0,3.0,8.116,22.777,24.131,4.0,3.0,0.86,9.657,11.187,4.0,2.0,3.841,24.202,25.44,3.0,2.0,4.075,19.277,20.44,5.0,6.0,1.29,22.651,23.8,4.0,4.0,6.0,1.405,22.485,25.55,7.0,7.0,3.682,24.974,26.462,6.0,7.0,1.91,7.588,8.894,3.0,1.0,3.019,19.802,21.176,3.0,3.0,2.268,10.298,11.601,3.0,6,5,6.259,12.235,14.269,3,,,,,,,,,,,,,,,,,,,,,,,,,,,,,,,,,,,,,,,,,,,,,,,,,,,,,,,,,,,,,,,3.0,11.29,27.119,28.47,3.0,6.0,14.754,16.702,17.808,3.0,3.0,2.0,19.314,50.691,51.956,11.0,3.0,4.11,6.791,9.504,3.0,1.0,2.045,44.261,45.701,6.0,2.0,2.301,25.672,26.866,4.0,6,5,9.28,12.206,13.602,3,,,,,,,,,5.061,143.484,147.58,11.0,APP,No_expl
214,1279,1,1,1,1,1,2,,,,,,,,,,,,,,,,,,,,,,,,,,,,,,,,,,,,,,,,,,,,,,,,,,,,,,,,,,,,,,,,,,,,,,,,,,,,,,,,,,,,,,,,,,,,,,,,,,,,,,,,,,,,,,,,,,,,,,,,,,,3.0,2.025,352.654,355.622,4.0,3.0,21.474,21.474,22.902,1.0,7.0,62.089,62.089,63.114,1.0,7.0,10.084,10.084,11.1,1.0,1.0,76.353,163.814,165.129,2.0,1.0,3.08,3.08,3.788,1.0,6.0,35.992,35.992,36.487,1.0,4.0,6.0,16.243,30.468,31.021,3.0,7.0,46.754,46.754,47.287,1.0,7.0,2.202,2.202,2.698,1.0,3.0,15.859,15.859,16.625,1.0,3.0,2.112,2.112,2.655,1.0,6,6,0.948,7.706,8.214,3,,,,,,,,,,,,,,,,,,,,,,,,,,,,,,,,,,,,,,,,,,,,,,,,,,,,,,,,,,,,,,,3.0,9.719,25.083,25.834,3.0,6.0,15.418,15.418,16.112,1.0,4.0,2.0,23.468,140.519,193.579,3.0,4.0,80.116,80.116,80.993,1.0,1.0,37.78,38.284,39.097,2.0,2.0,16.623,16.623,18.012,1.0,6,7,1.857,6.319,7.121,3,,,,,,,,,9.9,70.145,88.121,2.0,APP,Text_expl
216,1070,1,1,1,1,1,1,,,,,,,,,,,,,,,,,,,,,,,,,,,,,,,,,,,,,,,,,,,,,,,,,,,,,,,,,,,,,,5.0,156.742,156.742,164.501,1.0,3.0,56.255,56.255,57.834,1.0,2.0,108.292,108.292,109.786,1.0,2.0,8.099,8.099,8.94,1.0,3.0,29.432,29.432,30.161,1.0,3.0,3.924,3.924,5.039,1.0,2.0,29.781,29.781,30.929,1.0,4.0,2.0,2.222,17.262,21.568,5.0,7.0,15.458,15.458,17.674,1.0,7.0,3.293,3.293,4.349,1.0,4.0,18.415,18.415,20.065,1.0,4.0,3.393,3.393,4.837,1.0,,,,,,,,,,,,,,,,,,,,,,,,,,,,,,,,,,,,,,,,,,,,,,,,,,,,,,,,,,,,,,7,7,4.823,9.569,10.439,2,,,,,,,,,,,,,,,,,,,,,,,,,,,,,,,,1.0,27.222,27.222,28.373,1.0,3.0,16.687,16.687,17.942,1.0,1.0,2.0,122.305,192.089,198.884,2.0,2.0,78.308,78.308,81.573,1.0,1.0,19.947,19.947,21.134,1.0,2.0,15.643,15.643,16.925,1.0,,,,,,,,,,,,,,,,,,,,,,,,,,,,,,,,7,7,3.25,5.574,6.904,3,,,,,14.713,47.74,80.175,4.0,,,,,LMS,Text_expl
217,889,1,1,1,1,2,1,,,,,,,,,,,,,,,,,,,,,,,,,,,,,,,,,,,,,,,,,,,,,,,,,,,,,,,,,,,,,,5.0,114.982,114.982,119.401,1.0,5.0,14.956,14.956,20.479,1.0,5.0,49.372,49.372,51.245,1.0,5.0,4.762,4.762,6.267,1.0,4.0,14.706,14.706,23.151,1.0,4.0,2.393,2.393,7.059,1.0,4.0,22.889,22.889,24.301,1.0,4.0,4.0,3.436,19.885,28.497,2.0,7.0,26.255,26.255,27.257,1.0,7.0,2.41,2.41,6.91,1.0,1.0,40.042,40.042,41.063,1.0,1.0,3.323,3.323,4.641,1.0,,,,,,,,,,,,,,,,,,,,,,,,,,,,,,,,,,,,,,,,,,,,,,,,,,,,,,,,,,,,,,3,3,4.873,13.017,14.895,3,,,,,,,,,,,,,,,,,,,,,,,,,,,,,,,,7.0,17.485,17.485,26.492,1.0,3.0,13.77,13.77,18.779,1.0,1.0,2.0,46.62,53.754,56.073,2.0,4.0,10.468,10.468,19.776,1.0,1.0,51.967,51.967,53.297,1.0,2.0,40.524,40.524,41.783,1.0,,,,,,,,,,,,,,,,,,,,,,,,,,,,,,,,5,5,14.696,22.298,23.703,5,,,,,66.784,132.003,166.166,6.0,,,,,LMS,No_expl
218,1066,1,1,1,1,1,2,,,,,,,,,,,,,,,,,,,,,,,,,,,,,,,,,,,,,,,,,,,,,,,,,,,,,,,,,,,,,,3.0,20.074,166.362,167.642,15.0,6.0,81.509,81.509,82.439,1.0,5.0,33.292,33.292,34.102,1.0,2.0,20.245,20.245,22.275,1.0,3.0,30.072,30.072,30.766,1.0,3.0,14.24,14.24,15.878,1.0,2.0,26.746,26.746,27.408,1.0,4.0,2.0,13.68,19.539,20.366,2.0,7.0,23.299,23.299,23.96,1.0,7.0,2.601,2.661,3.522,2.0,4.0,25.184,25.912,26.233,2.0,4.0,3.091,3.091,4.03,1.0,,,,,,,,,,,,,,,,,,,,,,,,,,,,,,,,,,,,,,,,,,,,,,,,,,,,,,,,,,,,,,6,6,4.406,9.215,9.704,5,,,,,,,,,,,,,,,,,,,,,,,,,,,,,,,,1.0,22.911,22.911,24.048,1.0,3.0,18.866,18.866,19.572,1.0,4.0,2.0,128.921,181.934,183.763,3.0,2.0,40.834,80.922,81.597,16.0,1.0,21.933,21.933,22.721,1.0,2.0,6.473,17.371,21.135,3.0,,,,,,,,,,,,,,,,,,,,,,,,,,,,,,,,7,7,3.375,5.733,6.5,2,,,,,36.908,36.908,101.381,1.0,,,,,LMS,Graph_expl
220,1128,1,1,1,1,2,1,,,,,,,,,,,,,,,,,,,,,,,,,,,,,,,,,,,,,,,,,,,,,,,,,,,,,,,,,,,,,,5.0,87.503,87.503,88.801,1.0,5.0,6.408,6.408,7.78,1.0,5.0,36.997,36.997,38.228,1.0,5.0,4.29,4.29,5.065,1.0,4.0,18.605,18.605,20.438,1.0,4.0,1.948,1.948,2.993,1.0,4.0,24.165,24.165,25.3,1.0,4.0,4.0,2.731,8.593,10.157,2.0,7.0,33.94,33.94,35.001,1.0,7.0,1.739,1.739,2.525,1.0,4.0,19.034,19.034,20.285,1.0,4.0,1.687,1.687,2.333,1.0,,,,,,,,,,,,,,,,,,,,,,,,,,,,,,,,,,,,,,,,,,,,,,,,,,,,,,,,,,,,,,5,5,2.601,5.008,6.055,2,,,,,,,,,,,,,,,,,,,,,,,,,,,,,,,,7.0,118.7,126.091,127.17,3.0,3.0,100.377,102.297,102.636,2.0,4.0,2.0,154.07,159.125,160.323,2.0,2.0,81.66,81.66,83.096,1.0,1.0,9.893,10.268,11.432,2.0,2.0,3.232,3.232,5.7,1.0,,,,,,,,,,,,,,,,,,,,,,,,,,,,,,,,5,5,2.049,3.474,5.162,2,,,,,6.988,230.41,250.634,24.0,,,,,LMS,No_expl
221,1258,1,1,1,1,2,1,,,,,,,,,,,,,,,,,,,,,,,,,,,,,,,,,,,,,,,,,,,,,,,,,,,,,,,,,,,,,,,,,,,,,,,,,,,,,,,,,,,,,,,,,,,,,,,,,,,,,,,,,,,,,,,,,,,,,,,,,,,3.0,41.545,182.814,183.595,3.0,3.0,10.152,24.153,26.293,2.0,3.0,102.75,130.47,131.46,4.0,3.0,4.044,4.044,8.6,1.0,1.0,43.804,91.222,91.966,3.0,1.0,3.737,3.737,5.419,1.0,6.0,34.962,84.604,85.246,4.0,4.0,3.0,6.296,16.088,29.397,2.0,7.0,93.184,93.184,95.555,1.0,7.0,3.005,3.005,3.784,1.0,3.0,18.4,99.13,100.128,5.0,3.0,2.965,2.965,4.017,1.0,5,5,5.011,7.926,8.6,2,,,,,,,,,,,,,,,,,,,,,,,,,,,,,,,,,,,,,,,,,,,,,,,,,,,,,,,,,,,,,,,3.0,45.055,76.48,77.148,7.0,4.0,139.637,139.637,140.237,1.0,2.0,2.0,27.645,48.621,49.736,2.0,3.0,1.937,3.69,4.538,4.0,1.0,11.181,11.181,11.758,1.0,1.0,6.057,6.057,6.564,1.0,4,4,3.038,3.782,4.635,2,,,,,,,,,16.895,18.664,22.671,2.0,APP,Text_expl
222,1129,1,1,1,1,1,2,,,,,,,,,,,,,,,,,,,,,,,,,,,,,,,,,,,,,,,,,,,,,,,,,,,,,,,,,,,,,,5.0,81.821,91.144,96.888,2.0,3.0,75.237,75.237,77.832,1.0,5.0,45.396,45.396,48.043,1.0,2.0,30.25,30.25,32.641,1.0,4.0,32.688,32.688,35.749,1.0,3.0,45.815,45.815,47.428,1.0,2.0,15.842,15.842,19.271,1.0,4.0,2.0,5.152,27.482,29.311,3.0,1.0,23.583,23.583,25.094,1.0,7.0,28.255,28.255,30.5,1.0,1.0,18.579,18.579,21.008,1.0,4.0,10.504,20.544,22.874,2.0,,,,,,,,,,,,,,,,,,,,,,,,,,,,,,,,,,,,,,,,,,,,,,,,,,,,,,,,,,,,,,6,2,8.861,19.633,21.579,2,,,,,,,,,,,,,,,,,,,,,,,,,,,,,,,,7.0,23.197,23.197,24.693,1.0,4.0,18.505,18.505,20.404,1.0,2.0,2.0,72.325,94.185,101.062,2.0,4.0,58.529,58.529,60.725,1.0,1.0,19.286,19.286,21.663,1.0,2.0,6.678,6.678,8.642,1.0,,,,,,,,,,,,,,,,,,,,,,,,,,,,,,,,7,5,6.644,12.308,13.968,2,,,,,57.097,57.097,144.641,1.0,,,,,LMS,Graph_expl
223,1106,1,1,1,1,1,1,,,,,,,,,,,,,,,,,,,,,,,,,,,,,,,,,,,,,,,,,,,,,,,,,,,,,,,,,,,,,,7.0,3.837,147.03,149.799,5.0,6.0,37.779,38.645,61.796,2.0,6.0,2.164,45.799,48.892,3.0,5.0,5.486,25.435,29.252,3.0,1.0,2.355,21.147,23.097,2.0,1.0,1.841,24.281,25.878,4.0,3.0,1.754,16.229,18.101,2.0,4.0,5.0,2.286,48.767,51.307,7.0,4.0,1.503,37.678,38.702,4.0,7.0,14.684,19.083,21.507,2.0,2.0,2.166,14.672,16.144,2.0,4.0,2.216,25.115,26.429,2.0,,,,,,,,,,,,,,,,,,,,,,,,,,,,,,,,,,,,,,,,,,,,,,,,,,,,,,,,,,,,,,7,3,6.293,21.847,32.603,5,,,,,,,,,,,,,,,,,,,,,,,,,,,,,,,,7.0,3.678,44.987,47.398,3.0,3.0,1.885,20.567,22.202,2.0,4.0,2.0,1.64,76.396,81.755,6.0,1.0,1.9,39.028,42.277,3.0,1.0,1.896,28.567,30.528,2.0,2.0,1.697,15.609,18.111,3.0,,,,,,,,,,,,,,,,,,,,,,,,,,,,,,,,7,5,1.863,16.43,18.073,5,,,,,4.883,181.613,184.159,3.0,,,,,LMS,Text_expl
224,1031,1,1,1,1,5,1,,,,,,,,,,,,,,,,,,,,,,,,,,,,,,,,,,,,,,,,,,,,,,,,,,,,,,,,,,,,,,5.0,81.489,81.489,83.276,1.0,5.0,43.521,43.521,45.181,1.0,5.0,50.26,50.26,51.746,1.0,5.0,33.071,33.071,34.635,1.0,4.0,37.041,37.041,38.531,1.0,4.0,14.594,14.594,15.756,1.0,2.0,20.749,20.749,21.881,1.0,4.0,2.0,5.435,20.059,20.998,3.0,7.0,39.898,39.898,41.141,1.0,7.0,12.023,12.023,13.075,1.0,1.0,20.437,20.437,21.671,1.0,1.0,19.006,19.006,20.722,1.0,,,,,,,,,,,,,,,,,,,,,,,,,,,,,,,,,,,,,,,,,,,,,,,,,,,,,,,,,,,,,,5,5,6.322,9.858,11.401,2,,,,,,,,,,,,,,,,,,,,,,,,,,,,,,,,1.0,30.223,30.223,31.108,1.0,3.0,37.236,37.236,38.607,1.0,4.0,2.0,171.478,178.63,180.17,2.0,2.0,29.129,29.129,33.603,1.0,1.0,25.098,25.098,26.085,1.0,2.0,10.024,10.024,11.344,1.0,,,,,,,,,,,,,,,,,,,,,,,,,,,,,,,,6,6,81.524,83.364,84.689,2,,,,,41.224,121.768,124.279,7.0,,,,,LMS,Graph_expl
225,1235,1,1,1,1,3,2,,,,,,,,,,,,,,,,,,,,,,,,,,,,,,,,,,,,,,,,,,,,,,,,,,,,,,,,,,,,,,,,,,,,,,,,,,,,,,,,,,,,,,,,,,,,,,,,,,,,,,,,,,,,,,,,,,,,,,,,,,,3.0,194.172,194.172,196.245,1.0,3.0,15.319,15.319,16.909,1.0,3.0,208.193,208.193,209.099,1.0,3.0,6.837,6.837,8.609,1.0,4.0,83.216,83.216,85.374,1.0,4.0,6.821,6.821,8.311,1.0,6.0,34.608,34.608,35.282,1.0,4.0,3.0,2.976,22.709,23.6,3.0,7.0,36.349,36.349,37.189,1.0,7.0,2.644,2.644,3.697,1.0,3.0,18.165,18.165,19.018,1.0,3.0,2.933,2.933,4.488,1.0,7,7,4.671,10.588,11.462,2,,,,,,,,,,,,,,,,,,,,,,,,,,,,,,,,,,,,,,,,,,,,,,,,,,,,,,,,,,,,,,,3.0,36.696,36.696,37.754,1.0,6.0,20.659,20.659,21.448,1.0,3.0,2.0,83.153,92.385,94.441,2.0,2.0,48.715,48.715,50.355,1.0,1.0,18.754,18.754,19.692,1.0,2.0,8.816,8.816,10.102,1.0,5,5,4.53,8.53,9.353,3,,,,,,,,,54.272,54.272,136.188,1.0,APP,No_expl
226,1241,1,1,1,1,2,2,,,,,,,,,,,,,,,,,,,,,,,,,,,,,,,,,,,,,,,,,,,,,,,,,,,,,,,,,,,,,,,,,,,,,,,,,,,,,,,,,,,,,,,,,,,,,,,,,,,,,,,,,,,,,,,,,,,,,,,,,,,3.0,81.103,100.731,110.325,3.0,3.0,75.703,130.75,132.154,2.0,3.0,63.686,63.686,65.056,1.0,3.0,3.751,3.751,6.753,1.0,4.0,51.987,79.66,81.573,6.0,1.0,8.169,8.169,10.426,1.0,3.0,40.376,40.376,54.03,1.0,4.0,3.0,6.259,24.507,25.731,3.0,7.0,23.881,23.881,29.303,1.0,7.0,4.142,4.142,5.591,1.0,3.0,24.1,24.1,25.876,1.0,3.0,2.843,2.843,4.224,1.0,6,6,7.462,11.376,12.069,2,,,,,,,,,,,,,,,,,,,,,,,,,,,,,,,,,,,,,,,,,,,,,,,,,,,,,,,,,,,,,,,3.0,44.009,44.009,45.739,1.0,6.0,36.877,36.877,41.368,1.0,2.0,2.0,64.371,156.602,159.388,2.0,2.0,72.228,72.228,74.83,1.0,1.0,48.219,94.497,95.478,2.0,2.0,22.172,22.172,24.478,1.0,6,6,2.979,7.269,8.155,2,,,,,,,,,24.862,24.862,85.07,1.0,APP,Text_expl
227,1100,1,1,1,1,3,2,,,,,,,,,,,,,,,,,,,,,,,,,,,,,,,,,,,,,,,,,,,,,,,,,,,,,,,,,,,,,,5.0,121.954,211.913,213.375,3.0,5.0,31.027,31.027,35.475,1.0,5.0,57.945,57.945,58.939,1.0,5.0,6.026,6.026,7.11,1.0,4.0,62.097,62.097,63.597,1.0,4.0,12.08,12.08,13.714,1.0,4.0,31.098,31.098,32.466,1.0,4.0,4.0,3.648,10.193,15.154,2.0,7.0,95.339,95.339,96.901,1.0,7.0,5.155,5.155,6.415,1.0,1.0,35.359,35.359,36.442,1.0,1.0,2.374,2.374,3.818,1.0,,,,,,,,,,,,,,,,,,,,,,,,,,,,,,,,,,,,,,,,,,,,,,,,,,,,,,,,,,,,,,6,6,5.388,6.947,7.77,2,,,,,,,,,,,,,,,,,,,,,,,,,,,,,,,,1.0,138.976,138.976,140.738,1.0,3.0,50.786,50.786,52.25,1.0,4.0,2.0,59.643,63.591,64.934,2.0,2.0,42.22,42.22,43.99,1.0,1.0,11.965,11.965,13.499,1.0,2.0,16.934,16.934,18.186,1.0,,,,,,,,,,,,,,,,,,,,,,,,,,,,,,,,7,7,2.757,4.063,4.825,2,,,,,8.801,96.764,106.798,2.0,,,,,LMS,No_expl
228,1372,1,1,1,1,3,1,,,,,,,,,,,,,,,,,,,,,,,,,,,,,,,,,,,,,,,,,,,,,,,,,,,,,,,,,,,,,,5.0,240.788,397.276,416.972,11.0,3.0,17.048,77.922,79.235,2.0,2.0,94.243,96.104,96.934,2.0,2.0,12.232,12.232,13.599,1.0,3.0,18.332,18.332,19.525,1.0,3.0,3.49,3.49,14.3,1.0,2.0,15.082,15.082,16.4,1.0,4.0,2.0,9.559,21.516,23.025,2.0,7.0,16.057,16.057,17.5,1.0,7.0,6.502,6.502,7.76,1.0,4.0,27.901,27.901,29.79,1.0,4.0,3.493,3.493,5.054,1.0,,,,,,,,,,,,,,,,,,,,,,,,,,,,,,,,,,,,,,,,,,,,,,,,,,,,,,,,,,,,,,6,6,4.367,8.714,9.676,2,,,,,,,,,,,,,,,,,,,,,,,,,,,,,,,,1.0,16.599,16.599,17.4,1.0,3.0,15.954,15.954,17.191,1.0,3.0,2.0,244.0,256.61,258.045,2.0,3.0,5.151,5.151,6.252,1.0,1.0,38.694,40.584,42.137,2.0,2.0,32.819,32.819,34.799,1.0,,,,,,,,,,,,,,,,,,,,,,,,,,,,,,,,5,5,2.95,6.578,7.44,2,,,,,25.612,60.706,87.835,2.0,,,,,LMS,Graph_expl
229,1151,1,1,1,1,5,1,,,,,,,,,,,,,,,,,,,,,,,,,,,,,,,,,,,,,,,,,,,,,,,,,,,,,,,,,,,,,,5.0,16.404,180.107,181.128,27.0,3.0,25.6,28.684,30.296,3.0,5.0,27.915,114.5,116.085,16.0,2.0,15.93,19.604,20.555,3.0,4.0,30.509,35.075,36.134,3.0,4.0,11.876,15.121,16.458,3.0,2.0,12.873,26.879,28.518,5.0,4.0,2.0,7.781,38.439,39.73,6.0,6.0,9.581,51.361,52.97,5.0,6.0,9.058,16.001,17.506,3.0,1.0,15.572,17.044,19.018,2.0,1.0,15.327,16.643,18.192,2.0,,,,,,,,,,,,,,,,,,,,,,,,,,,,,,,,,,,,,,,,,,,,,,,,,,,,,,,,,,,,,,6,5,6.332,18.552,19.625,5,,,,,,,,,,,,,,,,,,,,,,,,,,,,,,,,7.0,10.395,32.685,33.853,3.0,4.0,22.505,25.108,26.199,4.0,2.0,2.0,30.988,72.104,75.433,8.0,1.0,10.442,28.218,29.438,4.0,1.0,40.904,43.522,44.683,3.0,2.0,13.699,16.04,16.989,3.0,,,,,,,,,,,,,,,,,,,,,,,,,,,,,,,,6,5,7.106,13.258,13.953,4,,,,,9.499,71.175,165.201,43.0,,,,,LMS,No_expl
230,1190,1,1,1,1,1,2,,,,,,,,,,,,,,,,,,,,,,,,,,,,,,,,,,,,,,,,,,,,,,,,,,,,,,,,,,,,,,,,,,,,,,,,,,,,,,,,,,,,,,,,,,,,,,,,,,,,,,,,,,,,,,,,,,,,,,,,,,,1.0,59.775,59.92,61.851,2.0,3.0,20.075,20.075,21.755,1.0,4.0,26.353,27.707,28.783,2.0,3.0,5.331,12.26,13.502,3.0,1.0,28.776,30.058,31.06,2.0,1.0,5.148,6.683,7.794,2.0,6.0,13.788,15.421,16.501,2.0,4.0,6.0,3.457,27.207,28.967,8.0,7.0,5.937,16.237,17.473,3.0,7.0,4.44,5.346,6.432,2.0,3.0,27.122,27.122,28.716,1.0,3.0,4.391,6.534,7.656,2.0,5,5,4.367,7.928,9.126,3,,,,,,,,,,,,,,,,,,,,,,,,,,,,,,,,,,,,,,,,,,,,,,,,,,,,,,,,,,,,,,,3.0,28.247,28.247,29.942,1.0,6.0,38.488,39.968,41.228,2.0,2.0,2.0,21.247,65.372,66.507,7.0,2.0,165.445,221.563,223.343,11.0,1.0,109.625,109.625,111.026,1.0,2.0,29.479,30.499,31.545,2.0,5,5,4.283,6.747,7.82,3,,,,,,,,,18.973,54.495,96.028,3.0,APP,No_expl
231,1444,1,1,1,1,2,1,,,,,,,,,,,,,,,,,,,,,,,,,,,,,,,,,,,,,,,,,,,,,,,,,,,,,,,,,,,,,,,,,,,,,,,,,,,,,,,,,,,,,,,,,,,,,,,,,,,,,,,,,,,,,,,,,,,,,,,,,,,3.0,91.552,92.27,92.885,2.0,3.0,11.56,11.56,12.316,1.0,7.0,32.914,32.914,33.386,1.0,7.0,18.05,18.05,18.444,1.0,7.0,75.203,75.717,76.026,2.0,1.0,5.629,6.132,6.347,2.0,3.0,22.821,22.821,23.38,1.0,4.0,3.0,3.089,7.961,8.758,3.0,3.0,0.14,27.722,28.294,3.0,7.0,12.737,12.737,15.22,1.0,1.0,22.519,22.519,23.229,1.0,3.0,5.301,5.301,6.244,1.0,5,4,3.026,7.279,8.197,4,,,,,,,,,,,,,,,,,,,,,,,,,,,,,,,,,,,,,,,,,,,,,,,,,,,,,,,,,,,,,,,3.0,37.056,37.531,41.201,2.0,7.0,18.027,18.444,18.688,2.0,1.0,2.0,129.432,297.521,298.799,3.0,1.0,273.962,273.962,350.132,1.0,2.0,98.216,98.216,99.271,1.0,2.0,41.382,41.382,41.955,1.0,4,4,3.069,5.741,6.341,3,,,,,,,,,16.204,32.021,99.388,3.0,APP,No_expl
232,1174,1,1,1,1,3,2,,,,,,,,,,,,,,,,,,,,,,,,,,,,,,,,,,,,,,,,,,,,,,,,,,,,,,,,,,,,,,,,,,,,,,,,,,,,,,,,,,,,,,,,,,,,,,,,,,,,,,,,,,,,,,,,,,,,,,,,,,,3.0,212.541,212.541,213.437,1.0,3.0,30.229,30.229,37.6,1.0,3.0,71.708,71.708,73.017,1.0,3.0,6.959,6.959,8.413,1.0,1.0,82.167,82.167,83.366,1.0,1.0,19.695,20.573,21.967,2.0,2.0,48.779,48.779,56.507,1.0,4.0,3.0,11.444,67.816,71.5,3.0,7.0,65.055,65.055,83.651,1.0,7.0,7.979,9.557,12.673,2.0,3.0,38.967,38.967,41.239,1.0,3.0,3.16,3.16,16.254,1.0,5,5,5.131,9.515,12.529,2,,,,,,,,,,,,,,,,,,,,,,,,,,,,,,,,,,,,,,,,,,,,,,,,,,,,,,,,,,,,,,,3.0,69.61,69.61,70.596,1.0,7.0,37.196,37.196,38.469,1.0,3.0,2.0,16.548,22.915,40.666,2.0,2.0,2.754,2.754,4.759,1.0,2.0,9.751,17.834,19.028,2.0,2.0,8.835,8.835,9.814,1.0,5,5,4.851,7.076,8.159,2,,,,,,,,,30.767,61.811,65.421,2.0,APP,Text_expl
233,887,1,1,1,1,1,1,,,,,,,,,,,,,,,,,,,,,,,,,,,,,,,,,,,,,,,,,,,,,,,,,,,,,,,,,,,,,,5.0,107.132,107.132,108.191,1.0,5.0,53.988,53.988,57.274,1.0,5.0,88.948,88.948,90.128,1.0,2.0,36.995,39.432,40.167,2.0,4.0,47.329,47.329,48.301,1.0,4.0,31.873,31.873,35.337,1.0,4.0,64.755,64.755,72.773,1.0,4.0,4.0,14.425,16.064,17.531,2.0,7.0,23.604,23.604,24.692,1.0,7.0,7.825,7.825,9.272,1.0,1.0,34.677,34.677,35.98,1.0,1.0,3.471,4.013,5.001,2.0,,,,,,,,,,,,,,,,,,,,,,,,,,,,,,,,,,,,,,,,,,,,,,,,,,,,,,,,,,,,,,5,5,4.038,8.257,9.09,2,,,,,,,,,,,,,,,,,,,,,,,,,,,,,,,,1.0,20.666,20.666,21.598,1.0,3.0,23.094,23.094,24.286,1.0,4.0,2.0,24.811,91.762,106.9,5.0,3.0,23.897,23.897,28.963,1.0,1.0,11.573,11.573,12.2,1.0,2.0,3.745,4.254,4.889,2.0,,,,,,,,,,,,,,,,,,,,,,,,,,,,,,,,5,5,2.914,4.26,5.783,2,,,,,17.457,17.457,41.508,1.0,,,,,LMS,Graph_expl
234,1180,1,1,1,1,2,2,,,,,,,,,,,,,,,,,,,,,,,,,,,,,,,,,,,,,,,,,,,,,,,,,,,,,,,,,,,,,,,,,,,,,,,,,,,,,,,,,,,,,,,,,,,,,,,,,,,,,,,,,,,,,,,,,,,,,,,,,,,2.0,11.065,145.277,145.805,16.0,3.0,6.896,58.546,59.171,12.0,5.0,8.248,65.099,65.922,10.0,1.0,11.749,47.893,48.533,7.0,7.0,7.148,59.663,60.176,11.0,2.0,6.757,64.586,65.009,7.0,6.0,2.223,65.953,66.692,5.0,4.0,6.0,3.027,43.46,44.005,10.0,7.0,1.979,54.461,55.944,10.0,5.0,8.694,24.679,25.154,7.0,5.0,1.373,5.43,6.318,6.0,3.0,1.326,22.93,23.831,11.0,6,6,13.844,27.204,27.905,7,,,,,,,,,,,,,,,,,,,,,,,,,,,,,,,,,,,,,,,,,,,,,,,,,,,,,,,,,,,,,,,4.0,10.46,20.062,20.888,4.0,2.0,19.504,32.047,32.567,5.0,2.0,2.0,20.402,99.841,100.178,21.0,4.0,2.886,15.233,15.84,6.0,1.0,4.374,35.217,36.3,7.0,1.0,14.059,17.119,17.88,3.0,6,6,9.61,19.118,20.048,9,,,,,,,,,5.459,50.842,94.422,12.0,APP,No_expl
235,1527,1,1,1,1,2,2,,,,,,,,,,,,,,,,,,,,,,,,,,,,,,,,,,,,,,,,,,,,,,,,,,,,,,,,,,,,,,,,,,,,,,,,,,,,,,,,,,,,,,,,,,,,,,,,,,,,,,,,,,,,,,,,,,,,,,,,,,,5.0,22.581,137.746,138.801,2.0,5.0,76.957,76.957,78.631,1.0,7.0,24.997,103.346,105.184,2.0,7.0,49.863,49.863,51.169,1.0,1.0,84.791,84.791,86.431,1.0,1.0,4.578,4.578,6.349,1.0,6.0,181.631,181.631,182.518,1.0,4.0,6.0,3.886,17.435,54.559,3.0,5.0,67.794,67.794,71.05,1.0,5.0,7.909,7.909,16.614,1.0,3.0,63.831,63.831,65.254,1.0,3.0,14.084,14.084,17.39,1.0,6,5,9.658,10.723,12.397,2,,,,,,,,,,,,,,,,,,,,,,,,,,,,,,,,,,,,,,,,,,,,,,,,,,,,,,,,,,,,,,,4.0,65.185,65.185,65.992,1.0,5.0,5.911,5.911,7.282,1.0,2.0,2.0,175.191,211.44,213.479,2.0,4.0,42.967,42.967,43.855,1.0,1.0,34.098,34.098,35.621,1.0,2.0,5.315,5.315,7.269,1.0,6,6,5.938,8.805,9.828,2,,,,,,,,,38.813,38.813,121.156,1.0,APP,Text_expl
236,1310,1,1,1,1,2,1,,,,,,,,,,,,,,,,,,,,,,,,,,,,,,,,,,,,,,,,,,,,,,,,,,,,,,,,,,,,,,5.0,66.791,66.791,99.801,1.0,5.0,66.885,66.885,68.257,1.0,2.0,31.727,31.727,53.652,1.0,2.0,7.257,7.257,9.763,1.0,3.0,58.171,58.171,60.375,1.0,3.0,3.031,3.031,4.818,1.0,2.0,44.5,44.5,46.198,1.0,4.0,2.0,2.467,15.34,19.305,3.0,7.0,16.428,16.428,18.591,1.0,7.0,2.895,2.895,4.273,1.0,4.0,17.65,17.65,25.341,1.0,4.0,12.748,12.748,14.713,1.0,,,,,,,,,,,,,,,,,,,,,,,,,,,,,,,,,,,,,,,,,,,,,,,,,,,,,,,,,,,,,,7,7,5.931,7.786,9.244,2,,,,,,,,,,,,,,,,,,,,,,,,,,,,,,,,1.0,11.86,11.86,24.199,1.0,3.0,19.1,19.1,20.892,1.0,4.0,2.0,86.877,104.365,105.84,2.0,2.0,23.663,23.663,49.408,1.0,1.0,19.718,19.718,21.049,1.0,2.0,7.27,7.27,18.026,1.0,,,,,,,,,,,,,,,,,,,,,,,,,,,,,,,,7,7,3.947,6.386,8.173,2,,,,,24.643,87.017,116.094,5.0,,,,,LMS,No_expl
237,1397,1,1,1,1,1,1,,,,,,,,,,,,,,,,,,,,,,,,,,,,,,,,,,,,,,,,,,,,,,,,,,,,,,,,,,,,,,,,,,,,,,,,,,,,,,,,,,,,,,,,,,,,,,,,,,,,,,,,,,,,,,,,,,,,,,,,,,,2.0,203.962,203.962,211.403,1.0,3.0,35.071,35.071,38.985,1.0,3.0,44.753,44.753,46.515,1.0,3.0,7.286,7.286,9.692,1.0,2.0,62.41,62.41,65.424,1.0,1.0,19.637,19.637,22.151,1.0,3.0,38.071,38.071,39.895,1.0,4.0,3.0,5.118,13.95,15.872,3.0,7.0,21.107,21.107,22.552,1.0,7.0,4.128,4.128,6.887,1.0,1.0,70.624,70.624,72.01,1.0,1.0,11.294,11.294,16.175,1.0,6,5,4.479,19.987,21.404,2,,,,,,,,,,,,,,,,,,,,,,,,,,,,,,,,,,,,,,,,,,,,,,,,,,,,,,,,,,,,,,,3.0,19.943,19.943,26.802,1.0,6.0,38.045,38.045,39.679,1.0,3.0,2.0,87.281,93.718,96.401,2.0,4.0,105.985,105.985,128.437,1.0,1.0,51.177,51.177,53.045,1.0,2.0,51.422,51.422,53.734,1.0,6,6,49.632,88.476,89.816,2,,,,,,,,,52.501,52.501,97.812,1.0,APP,No_expl
238,928,1,1,1,1,1,2,,,,,,,,,,,,,,,,,,,,,,,,,,,,,,,,,,,,,,,,,,,,,,,,,,,,,,,,,,,,,,3.0,6.762,177.6,182.561,11.0,4.0,8.599,58.554,60.86,10.0,2.0,4.367,23.825,24.493,9.0,5.0,8.038,21.493,22.015,7.0,7.0,2.149,22.268,23.301,4.0,4.0,1.727,4.21,4.854,2.0,2.0,1.955,16.347,18.054,6.0,4.0,5.0,2.752,43.567,44.423,14.0,7.0,9.475,32.971,34.014,7.0,5.0,8.469,13.088,14.74,5.0,1.0,1.345,13.083,13.995,4.0,5.0,1.693,9.452,10.931,4.0,,,,,,,,,,,,,,,,,,,,,,,,,,,,,,,,,,,,,,,,,,,,,,,,,,,,,,,,,,,,,,5,5,5.219,14.887,15.939,7,,,,,,,,,,,,,,,,,,,,,,,,,,,,,,,,3.0,3.315,37.073,38.172,5.0,3.0,2.523,20.679,21.161,5.0,3.0,2.0,1.92,78.157,79.087,11.0,4.0,3.051,26.018,26.942,3.0,1.0,7.262,37.928,38.818,4.0,2.0,6.971,18.836,19.365,3.0,,,,,,,,,,,,,,,,,,,,,,,,,,,,,,,,5,5,4.02,10.43,12.674,7,,,,,3.918,33.567,58.396,13.0,,,,,LMS,Text_expl
239,996,1,1,1,1,5,2,,,,,,,,,,,,,,,,,,,,,,,,,,,,,,,,,,,,,,,,,,,,,,,,,,,,,,,,,,,,,,3.0,7.087,79.238,80.351,6.0,3.0,3.362,25.028,26.084,7.0,2.0,3.528,53.693,54.764,11.0,2.0,2.074,8.142,9.144,4.0,3.0,4.302,38.873,39.937,7.0,3.0,2.022,5.28,6.194,4.0,2.0,20.393,54.108,54.901,6.0,4.0,2.0,1.182,16.525,17.302,10.0,1.0,8.517,69.064,70.201,13.0,1.0,2.99,7.976,8.701,5.0,1.0,2.632,24.554,25.301,7.0,1.0,1.81,9.15,9.86,6.0,,,,,,,,,,,,,,,,,,,,,,,,,,,,,,,,,,,,,,,,,,,,,,,,,,,,,,,,,,,,,,7,6,5.973,12.636,13.689,5,,,,,,,,,,,,,,,,,,,,,,,,,,,,,,,,7.0,2.229,29.01,29.639,7.0,3.0,11.971,36.372,37.37,4.0,4.0,2.0,1.749,93.232,94.302,13.0,2.0,6.723,83.088,83.867,9.0,1.0,5.51,43.972,44.892,5.0,2.0,6.539,14.965,15.794,4.0,,,,,,,,,,,,,,,,,,,,,,,,,,,,,,,,7,6,4.025,7.937,8.55,4,,,,,2.268,76.861,178.853,12.0,,,,,LMS,No_expl
240,1370,1,1,1,1,1,1,,,,,,,,,,,,,,,,,,,,,,,,,,,,,,,,,,,,,,,,,,,,,,,,,,,,,,,,,,,,,,5.0,5.157,112.919,114.356,12.0,5.0,10.151,27.404,28.552,4.0,5.0,13.166,66.526,67.474,5.0,5.0,6.984,26.923,27.479,7.0,4.0,3.135,38.69,38.601,4.0,4.0,3.147,17.285,20.878,5.0,4.0,1.61,31.878,33.527,6.0,4.0,2.0,2.055,93.467,94.441,16.0,6.0,5.289,26.607,27.588,4.0,7.0,5.317,65.855,106.691,19.0,1.0,4.076,19.232,20.124,3.0,1.0,7.358,8.392,9.216,2.0,,,,,,,,,,,,,,,,,,,,,,,,,,,,,,,,,,,,,,,,,,,,,,,,,,,,,,,,,,,,,,5,5,4.479,13.417,14.102,6,,,,,,,,,,,,,,,,,,,,,,,,,,,,,,,,1.0,106.211,106.606,107.665,2.0,4.0,33.134,43.25,44.398,5.0,4.0,2.0,12.031,99.358,103.401,14.0,3.0,31.099,55.283,59.417,9.0,1.0,3.255,35.529,37.087,5.0,2.0,21.448,117.344,117.853,4.0,,,,,,,,,,,,,,,,,,,,,,,,,,,,,,,,4,5,3.489,14.643,15.529,7,,,,,3.227,61.198,62.901,10.0,,,,,LMS,No_expl
241,1397,1,1,1,1,2,1,,,,,,,,,,,,,,,,,,,,,,,,,,,,,,,,,,,,,,,,,,,,,,,,,,,,,,,,,,,,,,5.0,6.786,238.867,240.501,14.0,3.0,7.684,57.432,57.9,19.0,2.0,1.177,73.003,75.325,9.0,2.0,2.136,15.952,16.888,6.0,3.0,6.601,43.627,44.3,6.0,3.0,1.26,4.201,4.997,5.0,2.0,2.294,24.24,24.898,6.0,4.0,2.0,1.567,31.687,32.901,8.0,7.0,3.687,25.443,26.163,7.0,7.0,2.023,8.286,9.101,5.0,4.0,3.013,25.128,25.6,9.0,4.0,1.517,8.29,9.167,6.0,,,,,,,,,,,,,,,,,,,,,,,,,,,,,,,,,,,,,,,,,,,,,,,,,,,,,,,,,,,,,,6,6,6.709,15.731,16.596,7,,,,,,,,,,,,,,,,,,,,,,,,,,,,,,,,1.0,19.301,33.8,34.601,7.0,3.0,17.245,22.135,22.77,4.0,4.0,2.0,13.589,115.581,116.148,14.0,2.0,79.872,131.199,134.611,7.0,1.0,4.97,36.593,37.401,4.0,2.0,9.832,11.636,12.258,3.0,,,,,,,,,,,,,,,,,,,,,,,,,,,,,,,,6,6,7.039,17.586,22.561,10,,,,,48.951,139.274,139.634,10.0,,,,,LMS,Graph_expl
242,1342,1,1,1,1,2,2,,,,,,,,,,,,,,,,,,,,,,,,,,,,,,,,,,,,,,,,,,,,,,,,,,,,,,,,,,,,,,5.0,10.361,87.994,128.874,8.0,5.0,33.527,50.966,54.658,6.0,5.0,7.763,76.794,82.082,14.0,5.0,18.653,20.228,21.676,2.0,4.0,2.914,34.057,36.898,3.0,4.0,22.768,22.768,26.365,1.0,2.0,5.818,53.698,59.173,12.0,4.0,2.0,3.382,28.798,33.819,3.0,7.0,34.327,34.327,35.703,1.0,7.0,3.314,3.314,7.288,1.0,1.0,34.685,34.685,35.942,1.0,1.0,9.562,9.562,10.849,1.0,,,,,,,,,,,,,,,,,,,,,,,,,,,,,,,,,,,,,,,,,,,,,,,,,,,,,,,,,,,,,,5,6,6.589,11.887,24.095,2,,,,,,,,,,,,,,,,,,,,,,,,,,,,,,,,1.0,5.28,53.146,54.999,10.0,3.0,40.519,40.519,50.241,1.0,4.0,2.0,12.872,69.522,106.984,6.0,2.0,7.978,65.196,102.9,3.0,1.0,10.134,31.792,35.268,4.0,2.0,8.48,8.48,26.122,1.0,,,,,,,,,,,,,,,,,,,,,,,,,,,,,,,,5,6,8.229,13.9,23.266,3,,,,,5.418,168.956,174.123,17.0,,,,,LMS,No_expl
243,1465,1,1,1,1,5,2,,,,,,,,,,,,,,,,,,,,,,,,,,,,,,,,,,,,,,,,,,,,,,,,,,,,,,,,,,,,,,,,,,,,,,,,,,,,,,,,,,,,,,,,,,,,,,,,,,,,,,,,,,,,,,,,,,,,,,,,,,,1.0,142.486,142.486,145.371,1.0,1.0,36.94,36.94,49.071,1.0,3.0,50.14,50.14,52.696,1.0,3.0,57.277,57.277,59.835,1.0,1.0,43.867,43.867,46.351,1.0,4.0,40.879,41.811,43.944,2.0,6.0,27.797,27.797,29.568,1.0,4.0,6.0,18.105,60.207,61.802,2.0,2.0,19.992,19.992,21.779,1.0,2.0,46.715,46.715,48.0,1.0,1.0,32.633,32.633,34.783,1.0,6.0,27.522,27.522,29.368,1.0,6,5,11.594,19.256,21.07,2,,,,,,,,,,,,,,,,,,,,,,,,,,,,,,,,,,,,,,,,,,,,,,,,,,,,,,,,,,,,,,,3.0,47.716,47.716,49.694,1.0,6.0,30.885,30.885,33.095,1.0,2.0,2.0,135.357,200.829,213.951,3.0,3.0,118.797,122.054,123.461,2.0,1.0,20.092,20.092,22.567,1.0,2.0,24.524,24.524,26.64,1.0,3,3,5.676,7.969,10.253,2,,,,,,,,,89.23,176.646,182.102,2.0,APP,No_expl
244,1309,1,1,1,1,2,2,,,,,,,,,,,,,,,,,,,,,,,,,,,,,,,,,,,,,,,,,,,,,,,,,,,,,,,,,,,,,,5.0,105.057,105.057,110.056,1.0,5.0,58.399,58.399,59.986,1.0,3.0,31.956,31.956,33.127,1.0,5.0,78.202,78.202,81.513,1.0,4.0,65.894,65.894,66.537,1.0,4.0,2.249,2.249,3.031,1.0,4.0,24.075,24.075,25.139,1.0,4.0,4.0,10.117,27.528,28.543,2.0,7.0,41.036,41.036,41.78,1.0,7.0,2.044,2.044,2.833,1.0,1.0,33.403,33.403,34.77,1.0,1.0,3.346,3.346,4.581,1.0,,,,,,,,,,,,,,,,,,,,,,,,,,,,,,,,,,,,,,,,,,,,,,,,,,,,,,,,,,,,,,7,7,5.04,6.653,8.376,2,,,,,,,,,,,,,,,,,,,,,,,,,,,,,,,,1.0,53.201,53.201,57.638,1.0,3.0,21.922,21.922,22.754,1.0,4.0,2.0,15.925,124.675,181.54,2.0,2.0,81.83,81.83,87.878,1.0,1.0,27.6,27.6,28.853,1.0,2.0,3.542,3.542,6.566,1.0,,,,,,,,,,,,,,,,,,,,,,,,,,,,,,,,7,7,3.472,5.182,6.594,2,,,,,66.326,84.446,101.746,3.0,,,,,LMS,No_expl
246,1174,1,1,1,1,4,2,,,,,,,,,,,,,,,,,,,,,,,,,,,,,,,,,,,,,,,,,,,,,,,,,,,,,,,,,,,,,,5.0,69.567,69.567,70.622,1.0,3.0,16.862,16.862,18.333,1.0,2.0,29.496,29.496,30.382,1.0,2.0,2.927,2.927,4.403,1.0,3.0,26.475,26.475,27.346,1.0,3.0,2.301,2.301,3.132,1.0,2.0,52.012,52.012,53.122,1.0,4.0,2.0,2.601,10.761,11.918,3.0,7.0,14.38,14.38,15.155,1.0,7.0,1.479,1.479,3.086,1.0,4.0,613.351,613.351,614.348,1.0,4.0,2.175,2.175,3.788,1.0,,,,,,,,,,,,,,,,,,,,,,,,,,,,,,,,,,,,,,,,,,,,,,,,,,,,,,,,,,,,,,7,7,5.451,11.147,12.72,2,,,,,,,,,,,,,,,,,,,,,,,,,,,,,,,,1.0,18.633,18.633,19.775,1.0,3.0,21.526,21.526,24.348,1.0,1.0,2.0,27.617,46.688,48.75,2.0,2.0,19.859,19.859,21.113,1.0,1.0,16.777,16.777,18.343,1.0,2.0,6.682,6.682,9.151,1.0,,,,,,,,,,,,,,,,,,,,,,,,,,,,,,,,7,7,2.439,5.638,7.069,2,,,,,44.753,44.753,59.279,1.0,,,,,LMS,Text_expl
247,1461,1,1,1,1,2,1,,,,,,,,,,,,,,,,,,,,,,,,,,,,,,,,,,,,,,,,,,,,,,,,,,,,,,,,,,,,,,,,,,,,,,,,,,,,,,,,,,,,,,,,,,,,,,,,,,,,,,,,,,,,,,,,,,,,,,,,,,,3.0,75.014,75.014,76.473,1.0,3.0,61.105,62.953,64.87,2.0,3.0,63.857,63.857,65.717,1.0,3.0,61.875,61.875,62.839,1.0,1.0,75.035,75.563,76.231,2.0,1.0,73.202,73.202,73.918,1.0,6.0,16.196,16.196,17.496,1.0,4.0,6.0,50.143,62.693,63.346,3.0,5.0,18.382,18.382,19.722,1.0,5.0,80.278,80.942,81.282,2.0,2.0,19.412,19.412,20.232,1.0,3.0,94.263,94.263,94.955,1.0,5,2,6.13,10.138,10.813,4,,,,,,,,,,,,,,,,,,,,,,,,,,,,,,,,,,,,,,,,,,,,,,,,,,,,,,,,,,,,,,,3.0,19.101,19.101,20.305,1.0,6.0,12.924,12.924,13.823,1.0,2.0,2.0,119.726,202.039,203.371,3.0,4.0,90.666,90.666,101.014,1.0,2.0,26.397,26.397,27.153,1.0,2.0,38.735,38.735,39.651,1.0,2,2,4.292,6.788,7.215,3,,,,,,,,,61.464,61.704,63.995,2.0,APP,No_expl
248,1322,1,1,1,1,2,1,,,,,,,,,,,,,,,,,,,,,,,,,,,,,,,,,,,,,,,,,,,,,,,,,,,,,,,,,,,,,,5.0,235.052,235.052,239.676,1.0,3.0,100.785,100.785,102.395,1.0,2.0,42.983,42.983,43.87,1.0,2.0,5.355,5.355,6.049,1.0,3.0,27.664,27.664,28.672,1.0,3.0,4.245,4.245,5.224,1.0,2.0,20.939,20.939,22.382,1.0,4.0,2.0,2.153,25.657,27.715,3.0,7.0,18.363,19.459,19.794,2.0,7.0,4.856,4.856,5.609,1.0,4.0,37.386,37.386,40.209,1.0,4.0,14.828,14.828,16.678,1.0,,,,,,,,,,,,,,,,,,,,,,,,,,,,,,,,,,,,,,,,,,,,,,,,,,,,,,,,,,,,,,7,7,7.43,11.63,12.398,2,,,,,,,,,,,,,,,,,,,,,,,,,,,,,,,,1.0,22.392,22.392,33.465,1.0,3.0,15.782,15.782,18.502,1.0,2.0,2.0,172.827,180.954,183.223,2.0,2.0,118.251,118.251,120.205,1.0,1.0,17.691,17.691,19.301,1.0,2.0,15.034,15.034,16.881,1.0,,,,,,,,,,,,,,,,,,,,,,,,,,,,,,,,5,5,14.405,16.159,17.181,2,,,,,24.3,24.3,94.205,1.0,,,,,LMS,Text_expl
249,1031,1,1,1,1,1,1,,,,,,,,,,,,,,,,,,,,,,,,,,,,,,,,,,,,,,,,,,,,,,,,,,,,,,,,,,,,,,5.0,4.321,146.637,148.285,10.0,5.0,15.9,38.259,40.896,3.0,2.0,4.356,29.831,31.208,5.0,2.0,4.25,7.631,8.903,3.0,3.0,4.105,34.007,35.718,3.0,3.0,2.377,5.793,6.989,3.0,2.0,2.267,28.898,31.004,3.0,4.0,2.0,6.501,21.415,23.018,7.0,7.0,3.845,24.029,25.937,3.0,7.0,17.652,25.21,26.663,3.0,4.0,5.124,30.107,31.503,5.0,4.0,3.004,40.698,42.596,5.0,,,,,,,,,,,,,,,,,,,,,,,,,,,,,,,,,,,,,,,,,,,,,,,,,,,,,,,,,,,,,,6,5,4.415,11.374,12.537,4,,,,,,,,,,,,,,,,,,,,,,,,,,,,,,,,1.0,6.014,35.361,36.872,4.0,3.0,4.976,23.573,25.267,4.0,4.0,2.0,3.024,144.595,146.06,9.0,3.0,5.862,37.332,39.156,4.0,1.0,1.029,32.996,34.276,6.0,2.0,6.979,8.232,9.468,2.0,,,,,,,,,,,,,,,,,,,,,,,,,,,,,,,,5,5,3.924,11.544,12.557,4,,,,,5.564,125.373,126.937,6.0,,,,,LMS,No_expl
250,1054,1,1,1,1,1,2,,,,,,,,,,,,,,,,,,,,,,,,,,,,,,,,,,,,,,,,,,,,,,,,,,,,,,,,,,,,,,6.0,3.007,186.386,187.927,7.0,5.0,20.952,25.309,26.73,3.0,3.0,8.872,24.02,25.412,3.0,3.0,10.724,26.586,27.762,4.0,2.0,11.261,14.685,15.744,3.0,3.0,7.766,25.362,26.232,5.0,4.0,3.728,16.759,17.985,5.0,4.0,4.0,21.603,56.157,57.771,6.0,2.0,5.63,17.172,17.9,3.0,2.0,11.137,26.102,28.158,3.0,1.0,10.329,17.173,19.003,3.0,1.0,5.268,10.581,12.271,3.0,,,,,,,,,,,,,,,,,,,,,,,,,,,,,,,,,,,,,,,,,,,,,,,,,,,,,,,,,,,,,,7,6,3.09,6.81,7.756,3,,,,,,,,,,,,,,,,,,,,,,,,,,,,,,,,7.0,4.221,39.659,40.694,3.0,4.0,13.858,17.29,18.595,2.0,3.0,2.0,17.386,29.312,30.803,4.0,3.0,3.054,292.03,293.118,3.0,2.0,24.462,27.052,28.199,3.0,2.0,44.759,45.765,46.975,2.0,,,,,,,,,,,,,,,,,,,,,,,,,,,,,,,,6,5,2.838,7.991,9.159,4,,,,,7.357,32.713,33.862,3.0,,,,,LMS,Text_expl
251,1479,1,1,1,1,2,1,,,,,,,,,,,,,,,,,,,,,,,,,,,,,,,,,,,,,,,,,,,,,,,,,,,,,,,,,,,,,,4.0,93.633,154.551,155.753,6.0,3.0,27.641,29.431,31.825,2.0,2.0,68.464,85.83,87.047,4.0,2.0,9.978,17.122,18.469,3.0,3.0,167.192,172.549,174.028,3.0,3.0,15.432,20.194,21.689,3.0,2.0,25.565,27.112,29.172,2.0,4.0,2.0,4.642,33.765,35.418,8.0,7.0,23.017,28.648,30.27,3.0,7.0,5.797,13.138,14.447,3.0,4.0,24.253,44.124,46.769,4.0,4.0,32.365,36.534,38.175,3.0,,,,,,,,,,,,,,,,,,,,,,,,,,,,,,,,,,,,,,,,,,,,,,,,,,,,,,,,,,,,,,7,7,4.477,12.872,15.708,4,,,,,,,,,,,,,,,,,,,,,,,,,,,,,,,,1.0,11.291,252.848,254.208,5.0,3.0,47.807,51.598,52.959,3.0,3.0,2.0,21.441,98.601,99.96,7.0,3.0,30.202,34.503,36.064,3.0,1.0,15.588,19.138,20.57,3.0,2.0,22.196,25.454,26.788,3.0,,,,,,,,,,,,,,,,,,,,,,,,,,,,,,,,7,7,4.829,11.194,12.606,4,,,,,51.55,139.271,152.941,6.0,,,,,LMS,Graph_expl
252,1530,1,1,1,1,2,1,,,,,,,,,,,,,,,,,,,,,,,,,,,,,,,,,,,,,,,,,,,,,,,,,,,,,,,,,,,,,,,,,,,,,,,,,,,,,,,,,,,,,,,,,,,,,,,,,,,,,,,,,,,,,,,,,,,,,,,,,,,3.0,1.791,163.569,165.211,4.0,3.0,20.244,20.244,22.414,1.0,3.0,83.226,83.226,84.923,1.0,3.0,11.064,11.064,12.544,1.0,1.0,63.39,63.39,64.902,1.0,1.0,6.11,10.847,13.101,2.0,6.0,67.979,67.979,69.426,1.0,4.0,3.0,34.518,43.72,45.266,3.0,7.0,112.77,112.77,113.958,1.0,7.0,5.823,5.823,7.055,1.0,3.0,5.94,141.449,143.163,2.0,3.0,1.65,5.642,7.881,3.0,6,7,5.685,18.812,19.93,6,,,,,,,,,,,,,,,,,,,,,,,,,,,,,,,,,,,,,,,,,,,,,,,,,,,,,,,,,,,,,,,3.0,23.575,26.077,27.74,2.0,6.0,27.465,27.465,28.852,1.0,3.0,2.0,50.373,97.674,99.401,4.0,4.0,1.813,96.17,105.579,5.0,1.0,1.409,118.36,119.578,3.0,2.0,37.944,40.559,42.502,3.0,7,7,5.268,8.649,10.205,3,,,,,,,,,49.9,140.169,160.527,4.0,APP,No_expl
253,1610,1,1,1,1,3,1,,,,,,,,,,,,,,,,,,,,,,,,,,,,,,,,,,,,,,,,,,,,,,,,,,,,,,,,,,,,,,1.0,4.892,151.929,152.661,20.0,2.0,8.937,84.891,85.712,29.0,2.0,1.131,108.901,110.061,12.0,2.0,4.318,32.273,33.108,10.0,3.0,5.968,82.86,83.586,9.0,3.0,20.341,35.994,36.667,7.0,2.0,8.937,89.003,89.59,15.0,4.0,2.0,1.413,17.316,18.086,11.0,7.0,1.457,76.514,77.363,11.0,7.0,1.463,4.149,4.842,3.0,4.0,1.524,23.003,23.861,7.0,4.0,1.512,6.091,6.711,4.0,,,,,,,,,,,,,,,,,,,,,,,,,,,,,,,,,,,,,,,,,,,,,,,,,,,,,,,,,,,,,,6,5,7.501,13.21,13.939,3,,,,,,,,,,,,,,,,,,,,,,,,,,,,,,,,1.0,3.652,45.513,46.401,11.0,3.0,2.553,41.254,41.802,8.0,4.0,2.0,2.837,159.479,160.159,57.0,2.0,1.615,61.939,63.066,28.0,1.0,5.613,38.378,39.039,20.0,2.0,40.765,64.652,65.401,6.0,,,,,,,,,,,,,,,,,,,,,,,,,,,,,,,,6,6,1.355,8.177,9.401,7,,,,,2.145,52.398,78.822,14.0,,,,,LMS,Text_expl
254,1515,1,1,1,1,2,2,,,,,,,,,,,,,,,,,,,,,,,,,,,,,,,,,,,,,,,,,,,,,,,,,,,,,,,,,,,,,,4.0,19.162,79.053,80.064,9.0,1.0,4.602,37.706,38.5,13.0,1.0,1.65,14.246,15.681,9.0,6.0,8.695,11.607,12.874,3.0,6.0,3.236,12.856,13.474,3.0,1.0,5.202,6.117,7.184,3.0,5.0,1.02,68.192,68.943,5.0,4.0,1.0,0.136,14.71,16.262,9.0,3.0,0.301,8.373,9.043,4.0,3.0,5.8,7.631,8.332,4.0,5.0,0.453,6.411,7.045,3.0,3.0,5.496,6.412,7.142,3.0,,,,,,,,,,,,,,,,,,,,,,,,,,,,,,,,,,,,,,,,,,,,,,,,,,,,,,,,,,,,,,5,3,3.446,10.85,11.384,5,,,,,,,,,,,,,,,,,,,,,,,,,,,,,,,,3.0,2.279,20.086,20.638,3.0,3.0,3.132,28.081,29.595,4.0,4.0,2.0,3.358,96.248,96.95,12.0,2.0,1.475,26.689,27.673,6.0,1.0,5.087,16.537,17.556,6.0,2.0,9.326,10.358,11.201,2.0,,,,,,,,,,,,,,,,,,,,,,,,,,,,,,,,6,6,3.537,8.213,8.8,6,,,,,3.892,31.245,121.233,8.0,,,,,LMS,Graph_expl
255,1800,1,1,1,1,3,1,,,,,,,,,,,,,,,,,,,,,,,,,,,,,,,,,,,,,,,,,,,,,,,,,,,,,,,,,,,,,,,,,,,,,,,,,,,,,,,,,,,,,,,,,,,,,,,,,,,,,,,,,,,,,,,,,,,,,,,,,,,3.0,11.187,306.194,307.372,12.0,3.0,53.726,53.726,57.305,1.0,3.0,38.702,38.702,39.391,1.0,3.0,5.267,9.627,14.686,3.0,1.0,305.177,305.177,306.22,1.0,1.0,152.041,153.154,153.372,2.0,6.0,3.788,22.115,22.477,8.0,4.0,6.0,6.369,14.617,21.492,3.0,5.0,43.983,43.983,44.841,1.0,7.0,14.193,14.193,14.828,1.0,1.0,269.271,269.271,270.433,1.0,3.0,8.116,8.116,8.782,1.0,5,5,9.361,10.776,12.458,2,,,,,,,,,,,,,,,,,,,,,,,,,,,,,,,,,,,,,,,,,,,,,,,,,,,,,,,,,,,,,,,3.0,26.38,26.38,27.374,1.0,6.0,22.574,22.574,23.121,1.0,2.0,2.0,29.856,105.345,111.826,6.0,4.0,28.827,28.827,31.261,1.0,1.0,47.774,47.774,48.456,1.0,2.0,15.572,15.572,16.318,1.0,5,5,3.887,4.559,7.137,2,,,,,,,,,28.709,136.614,147.104,7.0,APP,Text_expl
256,1542,1,1,1,1,1,2,,,,,,,,,,,,,,,,,,,,,,,,,,,,,,,,,,,,,,,,,,,,,,,,,,,,,,,,,,,,,,3.0,86.744,86.744,87.337,1.0,3.0,3.446,3.446,4.181,1.0,5.0,62.552,62.552,63.145,1.0,2.0,18.774,18.774,19.301,1.0,4.0,149.366,149.366,150.157,1.0,4.0,6.465,6.465,7.694,1.0,4.0,55.759,55.759,56.597,1.0,4.0,4.0,2.258,14.727,15.248,2.0,1.0,586.152,586.152,586.8,1.0,7.0,12.853,12.853,15.145,1.0,1.0,240.664,261.103,261.841,2.0,4.0,25.016,25.016,25.724,1.0,,,,,,,,,,,,,,,,,,,,,,,,,,,,,,,,,,,,,,,,,,,,,,,,,,,,,,,,,,,,,,5,4,1.429,4.222,4.78,4,,,,,,,,,,,,,,,,,,,,,,,,,,,,,,,,1.0,22.629,22.629,23.394,1.0,3.0,11.391,11.391,12.194,1.0,4.0,2.0,19.455,66.781,70.354,3.0,2.0,52.389,52.389,53.809,1.0,1.0,7.029,7.029,8.564,1.0,2.0,4.504,4.858,5.905,2.0,,,,,,,,,,,,,,,,,,,,,,,,,,,,,,,,5,6,1.406,2.122,2.931,2,,,,,43.325,43.325,44.775,1.0,,,,,LMS,Graph_expl
257,728,1,1,1,1,1,1,,,,,,,,,,,,,,,,,,,,,,,,,,,,,,,,,,,,,,,,,,,,,,,,,,,,,,,,,,,,,,3.0,157.757,157.757,163.265,1.0,3.0,8.005,8.005,16.132,1.0,2.0,28.004,28.004,28.905,1.0,2.0,2.323,2.323,3.99,1.0,3.0,22.955,22.955,24.364,1.0,3.0,1.689,1.689,2.641,1.0,2.0,10.931,10.931,12.187,1.0,4.0,2.0,5.734,7.743,9.204,2.0,7.0,11.326,11.326,12.169,1.0,7.0,2.08,2.08,2.81,1.0,4.0,16.507,16.507,17.397,1.0,4.0,1.915,1.915,2.794,1.0,,,,,,,,,,,,,,,,,,,,,,,,,,,,,,,,,,,,,,,,,,,,,,,,,,,,,,,,,,,,,,7,7,3.133,6.31,7.074,2,,,,,,,,,,,,,,,,,,,,,,,,,,,,,,,,1.0,13.685,13.685,14.406,1.0,3.0,16.153,16.153,17.129,1.0,4.0,2.0,77.146,89.91,91.656,2.0,2.0,34.358,34.358,41.662,1.0,1.0,16.982,16.982,19.603,1.0,2.0,4.442,4.442,13.752,1.0,,,,,,,,,,,,,,,,,,,,,,,,,,,,,,,,7,7,2.559,3.685,4.906,2,,,,,18.561,18.561,104.173,1.0,,,,,LMS,Text_expl
258,1524,1,1,1,1,1,2,,,,,,,,,,,,,,,,,,,,,,,,,,,,,,,,,,,,,,,,,,,,,,,,,,,,,,,,,,,,,,5.0,114.215,114.215,116.004,1.0,5.0,61.82,61.82,63.806,1.0,5.0,54.453,54.453,56.102,1.0,3.0,38.925,38.925,40.406,1.0,4.0,46.209,46.209,51.126,1.0,4.0,53.827,53.827,55.667,1.0,4.0,49.992,49.992,51.577,1.0,4.0,4.0,15.557,50.605,57.957,2.0,6.0,30.65,30.65,42.0,1.0,6.0,56.646,56.646,68.631,1.0,1.0,53.372,53.372,77.778,1.0,1.0,31.63,64.217,73.502,3.0,,,,,,,,,,,,,,,,,,,,,,,,,,,,,,,,,,,,,,,,,,,,,,,,,,,,,,,,,,,,,,7,5,5.506,14.092,16.209,2,,,,,,,,,,,,,,,,,,,,,,,,,,,,,,,,7.0,57.985,59.752,63.794,2.0,4.0,35.614,35.614,47.645,1.0,3.0,2.0,93.769,197.263,200.65,4.0,4.0,76.938,76.938,87.737,1.0,1.0,35.586,35.586,38.702,1.0,2.0,40.982,40.982,42.356,1.0,,,,,,,,,,,,,,,,,,,,,,,,,,,,,,,,7,6,5.303,8.187,9.666,2,,,,,56.216,56.216,82.307,1.0,,,,,LMS,No_expl
259,1138,1,1,1,1,4,1,,,,,,,,,,,,,,,,,,,,,,,,,,,,,,,,,,,,,,,,,,,,,,,,,,,,,,,,,,,,,,,,,,,,,,,,,,,,,,,,,,,,,,,,,,,,,,,,,,,,,,,,,,,,,,,,,,,,,,,,,,,5.0,195.585,195.585,199.27,1.0,3.0,20.176,20.176,21.103,1.0,5.0,200.739,200.739,201.933,1.0,5.0,9.916,11.134,11.524,2.0,6.0,55.224,55.224,56.304,1.0,6.0,5.467,5.467,6.465,1.0,2.0,31.458,31.458,32.264,1.0,4.0,2.0,3.303,11.1,11.984,3.0,2.0,33.04,33.04,34.246,1.0,2.0,3.976,3.976,4.843,1.0,2.0,10.642,10.642,11.399,1.0,2.0,3.477,3.477,4.942,1.0,5,5,4.681,11.388,12.114,5,,,,,,,,,,,,,,,,,,,,,,,,,,,,,,,,,,,,,,,,,,,,,,,,,,,,,,,,,,,,,,,3.0,22.527,23.473,23.798,2.0,6.0,16.778,16.778,17.678,1.0,3.0,2.0,15.628,20.058,20.898,2.0,2.0,12.72,13.746,14.133,2.0,1.0,33.594,33.594,34.367,1.0,2.0,14.339,14.339,15.065,1.0,5,5,3.899,5.821,6.401,2,,,,,,,,,17.425,17.425,45.654,1.0,APP,No_expl
260,1565,1,1,1,1,1,2,,,,,,,,,,,,,,,,,,,,,,,,,,,,,,,,,,,,,,,,,,,,,,,,,,,,,,,,,,,,,,4.0,2.648,143.32,145.576,34.0,4.0,6.643,26.574,27.703,26.0,3.0,31.867,62.93,64.674,26.0,3.0,11.393,36.109,37.541,15.0,3.0,2.761,34.044,35.589,28.0,4.0,2.802,39.466,40.911,40.0,2.0,2.18,31.31,32.867,26.0,4.0,4.0,2.445,38.566,40.04,36.0,6.0,2.787,25.552,26.957,26.0,6.0,2.297,8.559,9.705,2.0,4.0,3.066,25.817,27.303,25.0,1.0,2.621,10.87,12.401,16.0,,,,,,,,,,,,,,,,,,,,,,,,,,,,,,,,,,,,,,,,,,,,,,,,,,,,,,,,,,,,,,5,5,5.66,13.452,14.974,9,,,,,,,,,,,,,,,,,,,,,,,,,,,,,,,,1.0,4.254,31.202,32.956,18.0,3.0,3.772,20.835,22.29,12.0,3.0,2.0,4.254,123.589,222.9,62.0,4.0,5.099,75.463,76.68,18.0,1.0,141.925,156.181,160.503,9.0,2.0,3.004,64.427,65.74,9.0,,,,,,,,,,,,,,,,,,,,,,,,,,,,,,,,5,5,11.719,16.386,17.855,10,,,,,5.279,64.622,108.501,31.0,,,,,LMS,No_expl
261,1641,1,1,1,1,1,1,,,,,,,,,,,,,,,,,,,,,,,,,,,,,,,,,,,,,,,,,,,,,,,,,,,,,,,,,,,,,,5.0,46.767,165.794,167.346,8.0,3.0,45.158,134.707,136.459,5.0,5.0,5.885,75.605,77.092,5.0,5.0,19.029,20.151,21.785,2.0,4.0,62.901,66.24,67.868,3.0,4.0,9.891,19.59,20.689,3.0,4.0,9.874,36.465,37.768,4.0,4.0,4.0,18.36,35.188,37.093,5.0,6.0,21.966,40.336,41.607,3.0,6.0,8.322,29.001,30.35,3.0,1.0,33.774,38.839,40.478,3.0,1.0,104.619,105.875,108.149,2.0,,,,,,,,,,,,,,,,,,,,,,,,,,,,,,,,,,,,,,,,,,,,,,,,,,,,,,,,,,,,,,3,3,50.234,57.542,58.661,3,,,,,,,,,,,,,,,,,,,,,,,,,,,,,,,,3.0,6.179,42.76,43.932,6.0,2.0,25.758,35.948,37.335,3.0,4.0,2.0,6.715,214.432,216.441,8.0,1.0,12.024,85.441,86.539,5.0,2.0,22.723,24.458,26.557,2.0,2.0,3.832,19.457,20.605,3.0,,,,,,,,,,,,,,,,,,,,,,,,,,,,,,,,2,2,4.668,8.884,10.199,3,,,,,4.144,58.536,97.649,4.0,,,,,LMS,Graph_expl
262,1804,1,1,1,1,1,1,,,,,,,,,,,,,,,,,,,,,,,,,,,,,,,,,,,,,,,,,,,,,,,,,,,,,,,,,,,,,,,,,,,,,,,,,,,,,,,,,,,,,,,,,,,,,,,,,,,,,,,,,,,,,,,,,,,,,,,,,,,2.0,191.086,216.366,217.91,4.0,4.0,40.501,40.501,41.703,1.0,3.0,47.601,47.601,49.246,1.0,3.0,32.245,32.245,33.34,1.0,3.0,103.953,103.953,105.446,1.0,4.0,84.195,84.195,85.264,1.0,6.0,41.492,41.492,42.471,1.0,4.0,2.0,4.871,17.574,29.006,3.0,7.0,82.308,82.308,84.08,1.0,3.0,26.356,41.347,43.175,2.0,1.0,277.465,277.465,278.443,1.0,3.0,8.255,8.255,9.755,1.0,6,5,5.417,32.953,34.532,3,,,,,,,,,,,,,,,,,,,,,,,,,,,,,,,,,,,,,,,,,,,,,,,,,,,,,,,,,,,,,,,4.0,133.178,133.178,134.3,1.0,6.0,24.893,24.893,26.575,1.0,2.0,2.0,53.876,59.939,67.952,2.0,2.0,62.673,62.673,63.555,1.0,1.0,20.916,20.916,22.479,1.0,1.0,63.827,63.827,65.225,1.0,6,6,5.022,9.262,10.617,2,,,,,,,,,30.57,71.843,112.895,3.0,APP,No_expl
263,1683,1,1,1,1,1,2,,,,,,,,,,,,,,,,,,,,,,,,,,,,,,,,,,,,,,,,,,,,,,,,,,,,,,,,,,,,,,,,,,,,,,,,,,,,,,,,,,,,,,,,,,,,,,,,,,,,,,,,,,,,,,,,,,,,,,,,,,,3.0,5.163,136.53,137.39,5.0,2.0,21.131,143.322,144.663,3.0,5.0,9.607,128.59,130.826,7.0,2.0,5.543,95.31,95.97,3.0,1.0,9.393,56.545,58.029,3.0,1.0,46.496,76.768,78.694,2.0,1.0,3.714,48.617,49.878,4.0,4.0,3.0,6.753,86.825,87.901,10.0,1.0,1.764,38.011,39.137,6.0,3.0,3.466,31.387,32.142,6.0,3.0,2.213,31.205,32.025,7.0,3.0,11.098,11.098,16.382,1.0,5,4,4.556,7.851,9.496,2,,,,,,,,,,,,,,,,,,,,,,,,,,,,,,,,,,,,,,,,,,,,,,,,,,,,,,,,,,,,,,,1.0,5.807,59.807,62.299,4.0,4.0,2.465,32.345,33.781,4.0,3.0,2.0,10.696,165.31,167.267,6.0,2.0,11.219,11.219,12.568,1.0,1.0,17.935,20.343,25.299,2.0,1.0,5.617,5.617,8.348,1.0,4,4,2.976,5.384,5.949,3,,,,,,,,,6.749,58.455,61.533,9.0,APP,No_expl
264,1657,1,1,1,1,2,2,,,,,,,,,,,,,,,,,,,,,,,,,,,,,,,,,,,,,,,,,,,,,,,,,,,,,,,,,,,,,,,,,,,,,,,,,,,,,,,,,,,,,,,,,,,,,,,,,,,,,,,,,,,,,,,,,,,,,,,,,,,3.0,15.024,111.062,118.18,6.0,3.0,10.039,16.342,19.754,3.0,3.0,4.465,115.117,116.374,3.0,3.0,5.006,5.006,9.991,1.0,1.0,35.657,35.657,37.121,1.0,1.0,7.673,7.673,10.237,1.0,6.0,39.888,39.888,40.895,1.0,4.0,6.0,27.634,50.847,52.474,4.0,7.0,8.272,57.319,58.739,2.0,7.0,3.913,3.913,5.753,1.0,1.0,28.815,64.456,65.716,2.0,3.0,27.392,27.392,30.262,1.0,6,5,9.368,20.015,22.839,3,,,,,,,,,,,,,,,,,,,,,,,,,,,,,,,,,,,,,,,,,,,,,,,,,,,,,,,,,,,,,,,3.0,33.728,33.728,35.04,1.0,6.0,28.079,28.079,29.447,1.0,2.0,2.0,24.216,255.022,258.423,7.0,4.0,6.269,72.232,73.708,2.0,1.0,8.256,64.986,66.345,3.0,2.0,33.288,33.288,34.631,1.0,6,5,4.021,8.26,10.213,2,,,,,,,,,41.748,112.616,214.851,2.0,APP,Text_expl
265,1632,1,1,1,1,5,2,,,,,,,,,,,,,,,,,,,,,,,,,,,,,,,,,,,,,,,,,,,,,,,,,,,,,,,,,,,,,,5.0,28.252,117.49,119.972,8.0,5.0,14.471,29.716,31.341,4.0,5.0,12.249,58.131,59.407,6.0,5.0,19.921,45.93,47.126,4.0,4.0,10.384,26.724,28.361,4.0,4.0,12.894,17.207,18.804,3.0,2.0,10.068,41.758,42.921,4.0,4.0,2.0,6.283,142.933,144.648,6.0,7.0,13.361,61.714,63.198,4.0,7.0,8.255,13.589,15.105,3.0,1.0,10.354,57.792,59.202,7.0,1.0,14.506,19.913,21.645,3.0,,,,,,,,,,,,,,,,,,,,,,,,,,,,,,,,,,,,,,,,,,,,,,,,,,,,,,,,,,,,,,5,5,8.62,24.704,26.44,4,,,,,,,,,,,,,,,,,,,,,,,,,,,,,,,,1.0,13.316,62.532,64.43,4.0,3.0,23.688,28.697,29.976,3.0,4.0,2.0,43.152,230.188,231.3,9.0,2.0,102.495,147.582,149.274,4.0,1.0,41.558,53.049,55.822,3.0,2.0,19.504,26.91,28.884,3.0,,,,,,,,,,,,,,,,,,,,,,,,,,,,,,,,5,5,9.835,15.59,17.712,3,,,,,19.481,151.0,152.581,5.0,,,,,LMS,Text_expl
266,2029,1,1,1,1,2,1,,,,,,,,,,,,,,,,,,,,,,,,,,,,,,,,,,,,,,,,,,,,,,,,,,,,,,,,,,,,,,,,,,,,,,,,,,,,,,,,,,,,,,,,,,,,,,,,,,,,,,,,,,,,,,,,,,,,,,,,,,,2.0,199.343,202.843,206.881,3.0,2.0,104.615,104.615,114.931,1.0,3.0,84.552,90.854,92.938,3.0,7.0,23.728,23.728,27.616,1.0,1.0,102.78,102.78,106.328,1.0,2.0,47.091,47.091,50.103,1.0,6.0,87.416,87.416,90.111,1.0,4.0,3.0,19.633,28.499,32.831,2.0,7.0,86.217,86.217,89.522,1.0,2.0,60.187,60.187,63.387,1.0,3.0,98.164,98.164,100.413,1.0,1.0,18.471,18.471,24.408,1.0,7,6,6.414,15.051,17.221,2,,,,,,,,,,,,,,,,,,,,,,,,,,,,,,,,,,,,,,,,,,,,,,,,,,,,,,,,,,,,,,,3.0,77.971,77.971,81.217,1.0,6.0,61.438,61.438,68.392,1.0,1.0,2.0,92.003,105.406,108.499,2.0,4.0,154.822,154.822,159.335,1.0,1.0,82.988,84.271,88.316,2.0,2.0,56.559,56.559,59.22,1.0,7,7,8.879,13.882,16.263,2,,,,,,,,,23.23,48.456,135.736,3.0,APP,Text_expl
267,1536,1,1,1,1,1,2,,,,,,,,,,,,,,,,,,,,,,,,,,,,,,,,,,,,,,,,,,,,,,,,,,,,,,,,,,,,,,3.0,81.051,243.867,249.317,11.0,4.0,12.977,53.059,54.887,6.0,2.0,12.009,62.188,64.868,5.0,5.0,5.403,41.413,42.033,4.0,3.0,9.353,28.577,30.197,3.0,4.0,10.818,29.55,31.207,3.0,2.0,2.873,14.758,16.827,6.0,4.0,4.0,3.439,41.558,44.224,5.0,7.0,4.803,22.782,24.054,4.0,6.0,12.308,36.279,36.926,4.0,4.0,2.775,25.815,27.643,4.0,1.0,23.105,50.224,51.608,3.0,,,,,,,,,,,,,,,,,,,,,,,,,,,,,,,,,,,,,,,,,,,,,,,,,,,,,,,,,,,,,,5,5,7.375,13.25,15.077,2,,,,,,,,,,,,,,,,,,,,,,,,,,,,,,,,1.0,30.184,34.616,36.864,3.0,3.0,14.063,17.322,18.596,3.0,4.0,2.0,10.669,136.815,138.649,8.0,2.0,8.185,122.73,152.987,3.0,1.0,24.912,24.912,28.366,1.0,2.0,7.5,7.5,15.188,1.0,,,,,,,,,,,,,,,,,,,,,,,,,,,,,,,,5,5,5.549,6.69,7.943,2,,,,,5.198,81.65,87.533,5.0,,,,,LMS,No_expl
268,1806,1,1,1,1,4,1,,,,,,,,,,,,,,,,,,,,,,,,,,,,,,,,,,,,,,,,,,,,,,,,,,,,,,,,,,,,,,5.0,2.445,122.685,124.307,74.0,5.0,4.307,106.627,107.952,63.0,5.0,4.654,48.543,49.737,28.0,5.0,6.783,35.482,36.607,26.0,4.0,2.237,28.384,29.64,29.0,4.0,2.334,47.802,49.172,9.0,4.0,3.003,24.563,25.787,13.0,4.0,4.0,5.516,76.449,77.988,26.0,1.0,3.027,52.999,54.343,19.0,6.0,6.693,68.028,69.205,22.0,1.0,5.19,26.259,27.362,28.0,1.0,2.782,19.163,20.573,19.0,,,,,,,,,,,,,,,,,,,,,,,,,,,,,,,,,,,,,,,,,,,,,,,,,,,,,,,,,,,,,,7,3,12.466,24.177,25.484,12,,,,,,,,,,,,,,,,,,,,,,,,,,,,,,,,7.0,6.974,28.503,29.401,14.0,4.0,18.467,38.203,39.486,20.0,3.0,2.0,32.17,223.767,226.734,74.0,2.0,3.654,145.502,148.988,24.0,1.0,3.286,43.468,45.305,25.0,2.0,3.074,21.388,24.103,11.0,,,,,,,,,,,,,,,,,,,,,,,,,,,,,,,,7,5,2.808,12.425,13.748,13,,,,,9.128,335.38,336.146,87.0,,,,,LMS,No_expl
269,1812,1,1,1,1,2,1,,,,,,,,,,,,,,,,,,,,,,,,,,,,,,,,,,,,,,,,,,,,,,,,,,,,,,,,,,,,,,5.0,4.579,169.155,171.898,16.0,4.0,7.483,66.835,68.041,5.0,5.0,4.456,111.345,112.79,23.0,3.0,16.992,47.769,49.182,5.0,4.0,15.273,50.491,51.946,4.0,7.0,8.207,79.196,80.784,5.0,2.0,4.34,30.405,33.6,6.0,4.0,4.0,12.557,109.537,111.275,9.0,7.0,10.005,53.536,55.034,4.0,6.0,12.619,65.957,67.212,3.0,1.0,13.534,49.221,51.582,3.0,1.0,14.686,65.564,67.146,3.0,,,,,,,,,,,,,,,,,,,,,,,,,,,,,,,,,,,,,,,,,,,,,,,,,,,,,,,,,,,,,,6,5,4.664,13.283,14.647,4,,,,,,,,,,,,,,,,,,,,,,,,,,,,,,,,7.0,8.311,27.298,29.676,4.0,3.0,8.162,35.801,37.436,3.0,4.0,2.0,5.878,247.111,248.716,15.0,1.0,8.178,154.683,156.771,15.0,1.0,4.231,38.397,39.662,7.0,2.0,4.997,16.182,17.766,9.0,,,,,,,,,,,,,,,,,,,,,,,,,,,,,,,,6,5,8.908,15.744,17.097,3,,,,,3.683,109.336,172.73,16.0,,,,,LMS,Text_expl
270,1661,1,1,1,1,1,1,,,,,,,,,,,,,,,,,,,,,,,,,,,,,,,,,,,,,,,,,,,,,,,,,,,,,,,,,,,,,,3.0,78.339,160.297,162.66,3.0,3.0,28.968,28.968,58.145,1.0,2.0,34.928,34.928,35.864,1.0,2.0,15.959,15.959,22.597,1.0,4.0,23.241,23.241,24.048,1.0,4.0,6.362,6.362,7.582,1.0,2.0,19.514,19.514,20.472,1.0,4.0,2.0,5.419,14.166,15.776,3.0,1.0,19.659,19.659,21.701,1.0,1.0,4.47,4.47,5.358,1.0,1.0,8.755,8.755,9.998,1.0,1.0,2.279,2.279,3.816,1.0,,,,,,,,,,,,,,,,,,,,,,,,,,,,,,,,,,,,,,,,,,,,,,,,,,,,,,,,,,,,,,5,5,5.494,208.626,210.302,2,,,,,,,,,,,,,,,,,,,,,,,,,,,,,,,,6.0,427.854,443.624,444.245,5.0,3.0,13.94,13.94,16.192,1.0,4.0,2.0,20.93,40.095,42.291,2.0,2.0,22.075,22.075,32.23,1.0,1.0,13.648,13.648,16.001,1.0,2.0,14.118,14.118,16.124,1.0,,,,,,,,,,,,,,,,,,,,,,,,,,,,,,,,6,6,2.553,12.172,13.594,4,,,,,103.485,103.485,140.844,1.0,,,,,LMS,No_expl
271,2010,1,1,1,1,3,2,,,,,,,,,,,,,,,,,,,,,,,,,,,,,,,,,,,,,,,,,,,,,,,,,,,,,,,,,,,,,,5.0,5.51,116.97,118.169,9.0,5.0,29.909,61.668,62.754,5.0,5.0,4.694,78.704,79.985,9.0,5.0,16.648,41.081,42.146,4.0,4.0,10.527,59.685,61.05,4.0,4.0,6.732,18.635,19.601,4.0,4.0,3.294,43.761,45.14,4.0,4.0,4.0,5.825,42.295,43.974,8.0,7.0,4.147,105.233,106.539,4.0,7.0,8.375,11.141,12.431,3.0,1.0,2.679,43.325,44.592,4.0,1.0,7.764,16.404,17.981,4.0,,,,,,,,,,,,,,,,,,,,,,,,,,,,,,,,,,,,,,,,,,,,,,,,,,,,,,,,,,,,,,6,3,11.612,28.58,33.703,6,,,,,,,,,,,,,,,,,,,,,,,,,,,,,,,,1.0,17.496,62.483,63.862,4.0,3.0,6.844,53.338,54.445,5.0,1.0,2.0,2.822,418.725,419.702,18.0,3.0,19.477,78.466,79.524,6.0,1.0,10.986,45.948,49.039,4.0,2.0,2.734,58.326,59.423,4.0,,,,,,,,,,,,,,,,,,,,,,,,,,,,,,,,5,3,19.601,28.573,30.026,5,,,,,2.629,367.019,368.326,22.0,,,,,LMS,Text_expl
272,1527,1,1,1,1,1,2,,,,,,,,,,,,,,,,,,,,,,,,,,,,,,,,,,,,,,,,,,,,,,,,,,,,,,,,,,,,,,5.0,132.406,132.406,133.475,1.0,3.0,19.661,19.661,23.515,1.0,2.0,62.365,62.365,64.201,1.0,2.0,5.238,5.238,7.896,1.0,3.0,115.134,115.134,117.132,1.0,3.0,3.878,3.878,5.413,1.0,2.0,67.12,67.12,68.84,1.0,4.0,2.0,32.095,46.507,51.966,2.0,7.0,77.272,77.272,80.36,1.0,7.0,4.902,4.902,5.839,1.0,4.0,21.263,21.263,22.599,1.0,4.0,8.959,8.959,10.777,1.0,,,,,,,,,,,,,,,,,,,,,,,,,,,,,,,,,,,,,,,,,,,,,,,,,,,,,,,,,,,,,,5,7,11.748,15.779,16.765,2,,,,,,,,,,,,,,,,,,,,,,,,,,,,,,,,1.0,16.213,16.213,17.832,1.0,3.0,13.906,13.906,15.21,1.0,3.0,2.0,56.058,167.987,171.306,3.0,4.0,77.468,135.194,138.281,2.0,1.0,12.673,13.457,22.696,2.0,2.0,7.003,7.003,8.619,1.0,,,,,,,,,,,,,,,,,,,,,,,,,,,,,,,,6,5,4.805,8.555,9.696,2,,,,,49.471,49.471,150.043,1.0,,,,,LMS,Text_expl
273,1739,1,1,1,1,4,1,,,,,,,,,,,,,,,,,,,,,,,,,,,,,,,,,,,,,,,,,,,,,,,,,,,,,,,,,,,,,,5.0,118.691,118.691,120.168,1.0,5.0,64.674,64.674,66.048,1.0,5.0,38.953,38.953,40.566,1.0,5.0,3.826,3.826,8.632,1.0,4.0,23.451,23.451,25.306,1.0,3.0,13.347,13.347,15.362,1.0,4.0,26.322,26.322,27.971,1.0,4.0,4.0,3.336,12.729,14.202,2.0,7.0,47.656,47.656,49.086,1.0,7.0,3.745,3.745,4.774,1.0,4.0,8.363,8.363,9.682,1.0,4.0,1.891,1.891,2.851,1.0,,,,,,,,,,,,,,,,,,,,,,,,,,,,,,,,,,,,,,,,,,,,,,,,,,,,,,,,,,,,,,3,2,7.941,12.907,16.77,2,,,,,,,,,,,,,,,,,,,,,,,,,,,,,,,,7.0,21.038,21.038,22.156,1.0,3.0,23.691,25.179,25.766,2.0,1.0,2.0,94.814,111.225,112.726,2.0,1.0,71.808,71.808,73.433,1.0,1.0,24.489,24.489,25.755,1.0,2.0,7.938,7.938,9.321,1.0,,,,,,,,,,,,,,,,,,,,,,,,,,,,,,,,5,5,3.748,8.832,9.984,3,,,,,132.11,139.734,157.16,3.0,,,,,LMS,Text_expl
274,1653,1,1,1,1,1,1,,,,,,,,,,,,,,,,,,,,,,,,,,,,,,,,,,,,,,,,,,,,,,,,,,,,,,,,,,,,,,,,,,,,,,,,,,,,,,,,,,,,,,,,,,,,,,,,,,,,,,,,,,,,,,,,,,,,,,,,,,,1.0,124.953,124.953,125.88,1.0,3.0,22.573,22.573,23.898,1.0,3.0,41.927,41.927,43.104,1.0,3.0,3.114,3.114,4.456,1.0,1.0,46.859,48.456,49.005,3.0,1.0,2.45,2.45,3.301,1.0,6.0,54.331,54.331,55.184,1.0,4.0,6.0,27.514,34.256,35.36,2.0,7.0,211.942,211.942,213.157,1.0,7.0,2.19,2.19,3.338,1.0,3.0,29.209,29.209,48.033,1.0,3.0,1.972,1.972,3.003,1.0,7,7,2.776,4.81,5.688,2,,,,,,,,,,,,,,,,,,,,,,,,,,,,,,,,,,,,,,,,,,,,,,,,,,,,,,,,,,,,,,,3.0,21.272,34.091,55.001,2.0,6.0,35.361,46.623,53.191,2.0,2.0,2.0,25.745,153.0,161.451,2.0,4.0,178.745,178.745,179.5,1.0,1.0,194.725,194.725,196.067,1.0,2.0,60.433,60.433,61.501,1.0,6,6,3.433,5.208,6.368,2,,,,,,,,,35.896,99.575,101.264,7.0,APP,Text_expl
275,1983,1,1,1,1,3,2,,,,,,,,,,,,,,,,,,,,,,,,,,,,,,,,,,,,,,,,,,,,,,,,,,,,,,,,,,,,,,4.0,30.153,621.431,622.901,12.0,3.0,13.574,16.742,18.092,3.0,6.0,10.592,36.063,37.312,6.0,2.0,25.681,27.659,29.556,2.0,5.0,3.298,7.606,8.967,3.0,7.0,6.551,13.317,14.864,4.0,5.0,7.639,11.849,13.137,3.0,4.0,5.0,2.181,100.241,101.938,6.0,6.0,2.303,10.559,12.096,3.0,7.0,3.428,6.087,7.41,3.0,1.0,11.762,18.351,19.511,5.0,1.0,9.469,16.484,17.791,4.0,,,,,,,,,,,,,,,,,,,,,,,,,,,,,,,,,,,,,,,,,,,,,,,,,,,,,,,,,,,,,,4,4,7.338,15.669,17.08,4,,,,,,,,,,,,,,,,,,,,,,,,,,,,,,,,7.0,18.886,21.664,23.011,3.0,4.0,12.375,23.472,24.804,4.0,1.0,2.0,319.36,362.297,388.391,7.0,3.0,8.241,11.161,12.556,3.0,1.0,3.918,3.918,7.392,1.0,1.0,7.307,18.387,19.734,3.0,,,,,,,,,,,,,,,,,,,,,,,,,,,,,,,,4,4,12.587,27.582,29.261,6,,,,,6.584,130.114,153.219,8.0,,,,,LMS,Graph_expl
276,1722,1,1,1,1,2,2,,,,,,,,,,,,,,,,,,,,,,,,,,,,,,,,,,,,,,,,,,,,,,,,,,,,,,,,,,,,,,3.0,54.779,167.642,169.508,2.0,3.0,23.568,23.568,26.166,1.0,5.0,134.632,134.632,135.617,1.0,5.0,5.748,5.748,6.961,1.0,3.0,0.982,176.417,177.741,3.0,3.0,2.278,2.278,3.122,1.0,2.0,1.132,94.696,96.054,2.0,4.0,2.0,6.901,11.91,15.859,3.0,7.0,56.137,56.137,57.24,1.0,7.0,2.659,2.659,5.249,1.0,4.0,72.093,73.015,73.547,2.0,4.0,2.407,2.407,3.754,1.0,,,,,,,,,,,,,,,,,,,,,,,,,,,,,,,,,,,,,,,,,,,,,,,,,,,,,,,,,,,,,,6,6,2.286,11.878,14.193,7,,,,,,,,,,,,,,,,,,,,,,,,,,,,,,,,1.0,1.277,52.788,53.541,3.0,3.0,20.727,20.727,23.487,1.0,4.0,2.0,1.209,235.668,236.891,6.0,2.0,1.251,53.308,87.308,4.0,1.0,36.124,36.124,37.458,1.0,2.0,9.809,9.809,14.426,1.0,,,,,,,,,,,,,,,,,,,,,,,,,,,,,,,,6,6,6.199,9.869,11.209,2,,,,,1.203,260.139,319.337,30.0,,,,,LMS,Text_expl
277,2085,1,1,1,1,1,1,,,,,,,,,,,,,,,,,,,,,,,,,,,,,,,,,,,,,,,,,,,,,,,,,,,,,,,,,,,,,,5.0,5.408,319.247,321.53,49.0,5.0,4.569,93.837,100.001,23.0,5.0,10.11,143.734,146.755,42.0,2.0,5.415,84.3,85.572,21.0,4.0,3.87,65.682,67.255,21.0,3.0,3.301,54.888,56.347,26.0,4.0,3.478,67.071,71.238,19.0,4.0,2.0,2.529,67.994,69.599,31.0,6.0,2.225,109.565,111.22,30.0,6.0,3.189,21.84,26.502,10.0,1.0,3.947,41.909,43.936,18.0,1.0,3.031,27.579,34.755,8.0,,,,,,,,,,,,,,,,,,,,,,,,,,,,,,,,,,,,,,,,,,,,,,,,,,,,,,,,,,,,,,4,2,2.54,34.022,35.377,14,,,,,,,,,,,,,,,,,,,,,,,,,,,,,,,,6.0,4.811,31.303,32.579,12.0,3.0,15.301,34.088,35.548,10.0,3.0,2.0,4.627,293.607,295.114,38.0,1.0,2.712,38.734,40.338,11.0,1.0,2.738,29.242,30.413,8.0,2.0,2.721,14.063,15.625,5.0,,,,,,,,,,,,,,,,,,,,,,,,,,,,,,,,2,2,6.272,10.968,12.746,7,,,,,3.352,108.196,121.107,34.0,,,,,LMS,No_expl
278,1730,1,1,1,1,2,2,,,,,,,,,,,,,,,,,,,,,,,,,,,,,,,,,,,,,,,,,,,,,,,,,,,,,,,,,,,,,,1.0,67.692,223.549,225.657,7.0,3.0,14.305,20.126,23.411,4.0,5.0,13.304,93.389,94.715,6.0,5.0,7.745,13.247,14.347,3.0,4.0,10.844,66.149,70.554,6.0,4.0,19.63,33.262,34.451,4.0,2.0,1.426,45.082,46.286,8.0,4.0,2.0,6.435,29.875,31.919,5.0,7.0,1.329,60.993,62.174,7.0,7.0,6.159,8.983,10.228,3.0,4.0,1.881,70.39,71.665,6.0,4.0,2.441,5.096,6.365,3.0,,,,,,,,,,,,,,,,,,,,,,,,,,,,,,,,,,,,,,,,,,,,,,,,,,,,,,,,,,,,,,6,6,10.801,15.721,18.58,3,,,,,,,,,,,,,,,,,,,,,,,,,,,,,,,,1.0,52.317,58.133,59.368,3.0,3.0,51.079,61.375,62.498,3.0,4.0,2.0,47.816,299.301,303.315,9.0,2.0,8.906,99.218,100.383,4.0,1.0,36.027,38.643,39.759,3.0,2.0,32.357,36.692,38.2,3.0,,,,,,,,,,,,,,,,,,,,,,,,,,,,,,,,6,6,5.749,9.357,10.617,3,,,,,37.85,39.041,167.807,2.0,,,,,LMS,Text_expl
279,871,1,1,1,1,1,1,,,,,,,,,,,,,,,,,,,,,,,,,,,,,,,,,,,,,,,,,,,,,,,,,,,,,,,,,,,,,,,,,,,,,,,,,,,,,,,,,,,,,,,,,,,,,,,,,,,,,,,,,,,,,,,,,,,,,,,,,,,3.0,4.723,73.0,74.148,7.0,3.0,4.211,8.426,9.453,5.0,3.0,6.579,49.361,50.502,6.0,3.0,2.463,4.528,5.302,5.0,1.0,5.48,74.257,75.201,6.0,1.0,1.167,2.718,3.578,4.0,3.0,1.121,50.864,51.891,6.0,4.0,3.0,2.32,15.376,16.201,9.0,7.0,5.762,75.474,76.3,6.0,7.0,1.5,5.1,6.0,4.0,3.0,1.931,47.295,48.241,6.0,3.0,1.528,3.16,4.084,4.0,5,5,2.591,3.511,4.5,5,,,,,,,,,,,,,,,,,,,,,,,,,,,,,,,,,,,,,,,,,,,,,,,,,,,,,,,,,,,,,,,3.0,4.566,75.097,75.935,5.0,6.0,4.366,66.821,67.777,5.0,3.0,2.0,6.992,44.397,45.588,10.0,1.0,3.85,53.029,53.954,10.0,1.0,16.492,16.943,18.067,3.0,2.0,34.264,34.985,35.8,3.0,5,5,2.751,4.326,5.2,6,,,,,,,,,2.806,75.031,76.789,8.0,APP,Text_expl
280,2199,1,1,1,1,1,1,,,,,,,,,,,,,,,,,,,,,,,,,,,,,,,,,,,,,,,,,,,,,,,,,,,,,,,,,,,,,,,,,,,,,,,,,,,,,,,,,,,,,,,,,,,,,,,,,,,,,,,,,,,,,,,,,,,,,,,,,,,3.0,104.678,104.678,141.077,1.0,2.0,60.234,60.234,61.538,1.0,7.0,64.98,64.98,65.902,1.0,7.0,88.158,88.158,89.551,1.0,1.0,118.15,118.15,119.153,1.0,5.0,14.106,14.106,15.192,1.0,3.0,47.801,47.801,48.649,1.0,4.0,4.0,5.37,19.688,28.716,3.0,7.0,66.979,66.979,90.413,1.0,2.0,2.402,2.402,4.235,1.0,1.0,90.231,90.231,91.18,1.0,1.0,33.297,33.297,34.38,1.0,6,6,2.772,7.901,8.489,3,,,,,,,,,,,,,,,,,,,,,,,,,,,,,,,,,,,,,,,,,,,,,,,,,,,,,,,,,,,,,,,3.0,41.233,41.233,44.654,1.0,6.0,51.669,51.669,53.435,1.0,3.0,2.0,219.638,485.903,490.16,4.0,3.0,248.297,248.297,254.693,1.0,1.0,78.51,78.51,80.027,1.0,2.0,45.136,45.136,56.167,1.0,6,6,3.034,4.146,4.981,2,,,,,,,,,57.643,219.917,273.921,7.0,APP,No_expl
281,2098,1,1,1,1,4,2,,,,,,,,,,,,,,,,,,,,,,,,,,,,,,,,,,,,,,,,,,,,,,,,,,,,,,,,,,,,,,5.0,112.3,113.064,179.298,2.0,3.0,184.064,184.064,186.347,1.0,2.0,107.66,107.66,109.6,1.0,2.0,10.897,10.897,12.443,1.0,3.0,71.298,71.298,72.96,1.0,3.0,4.274,4.274,9.461,1.0,2.0,32.98,32.98,34.939,1.0,4.0,2.0,3.215,36.501,38.36,3.0,7.0,38.81,38.81,45.695,1.0,7.0,9.025,9.025,28.101,1.0,4.0,41.982,41.982,43.457,1.0,4.0,5.606,5.606,7.757,1.0,,,,,,,,,,,,,,,,,,,,,,,,,,,,,,,,,,,,,,,,,,,,,,,,,,,,,,,,,,,,,,7,7,6.078,15.281,16.485,2,,,,,,,,,,,,,,,,,,,,,,,,,,,,,,,,1.0,86.559,86.559,89.645,1.0,3.0,28.087,28.087,30.502,1.0,4.0,2.0,217.831,243.526,250.355,2.0,2.0,57.772,57.772,75.188,1.0,1.0,41.166,41.166,42.899,1.0,2.0,21.945,21.945,23.531,1.0,,,,,,,,,,,,,,,,,,,,,,,,,,,,,,,,7,7,5.382,9.749,11.0,3,,,,,36.113,346.051,349.514,11.0,,,,,LMS,Text_expl
282,1719,1,1,1,1,3,1,,,,,,,,,,,,,,,,,,,,,,,,,,,,,,,,,,,,,,,,,,,,,,,,,,,,,,,,,,,,,,,,,,,,,,,,,,,,,,,,,,,,,,,,,,,,,,,,,,,,,,,,,,,,,,,,,,,,,,,,,,,3.0,181.523,205.624,208.414,2.0,2.0,76.287,76.287,78.012,1.0,7.0,45.795,45.795,47.758,1.0,3.0,41.023,41.023,44.168,1.0,7.0,69.544,69.544,71.262,1.0,1.0,12.576,12.576,15.327,1.0,6.0,63.031,63.031,65.373,1.0,4.0,6.0,19.467,50.015,86.499,3.0,7.0,73.798,73.798,77.327,1.0,2.0,48.972,48.972,51.802,1.0,1.0,60.75,60.75,63.508,1.0,3.0,40.15,40.15,42.77,1.0,5,4,8.479,15.733,22.588,2,,,,,,,,,,,,,,,,,,,,,,,,,,,,,,,,,,,,,,,,,,,,,,,,,,,,,,,,,,,,,,,3.0,55.904,55.904,63.498,1.0,6.0,36.04,36.04,37.947,1.0,3.0,2.0,67.676,82.791,101.742,2.0,2.0,47.69,47.69,50.893,1.0,2.0,33.036,33.036,38.233,1.0,2.0,28.43,28.43,32.652,1.0,5,4,8.789,14.575,17.041,2,,,,,,,,,84.059,109.849,207.855,3.0,APP,Text_expl
283,1485,1,1,1,1,2,1,,,,,,,,,,,,,,,,,,,,,,,,,,,,,,,,,,,,,,,,,,,,,,,,,,,,,,,,,,,,,,,,,,,,,,,,,,,,,,,,,,,,,,,,,,,,,,,,,,,,,,,,,,,,,,,,,,,,,,,,,,,3.0,4.399,168.099,169.936,17.0,1.0,3.417,46.35,47.222,8.0,7.0,5.634,60.498,61.603,6.0,3.0,2.518,12.948,15.133,6.0,1.0,2.742,40.06,41.367,6.0,1.0,2.043,12.766,13.83,3.0,6.0,1.949,35.962,37.074,3.0,4.0,3.0,1.678,44.203,45.201,14.0,7.0,1.062,36.226,37.301,7.0,7.0,1.386,5.101,7.131,3.0,3.0,2.66,42.638,43.802,8.0,3.0,1.455,3.788,7.846,4.0,7,7,5.544,10.505,11.72,4,,,,,,,,,,,,,,,,,,,,,,,,,,,,,,,,,,,,,,,,,,,,,,,,,,,,,,,,,,,,,,,3.0,2.764,29.027,30.838,4.0,6.0,2.48,33.039,34.091,6.0,3.0,2.0,2.194,272.85,287.574,21.0,4.0,2.44,102.176,113.117,15.0,2.0,2.543,66.561,70.634,5.0,2.0,2.009,20.087,21.571,3.0,7,7,2.702,7.083,8.323,4,,,,,,,,,10.768,77.965,119.674,10.0,APP,No_expl
284,1850,1,1,1,1,1,1,,,,,,,,,,,,,,,,,,,,,,,,,,,,,,,,,,,,,,,,,,,,,,,,,,,,,,,,,,,,,,,,,,,,,,,,,,,,,,,,,,,,,,,,,,,,,,,,,,,,,,,,,,,,,,,,,,,,,,,,,,,3.0,254.917,254.917,255.815,1.0,1.0,37.931,37.931,41.421,1.0,3.0,24.152,24.152,32.666,1.0,3.0,43.64,43.64,44.99,1.0,1.0,40.437,40.437,41.866,1.0,4.0,13.225,13.225,14.537,1.0,6.0,25.3,25.3,27.108,1.0,4.0,6.0,10.917,41.453,42.163,2.0,7.0,38.478,38.478,39.821,1.0,5.0,27.625,27.625,29.758,1.0,3.0,66.741,66.741,68.055,1.0,2.0,36.901,36.901,38.538,1.0,6,4,15.386,25.129,26.371,4,,,,,,,,,,,,,,,,,,,,,,,,,,,,,,,,,,,,,,,,,,,,,,,,,,,,,,,,,,,,,,,3.0,35.987,35.987,37.385,1.0,6.0,17.723,17.723,20.037,1.0,3.0,2.0,77.581,85.751,88.752,2.0,1.0,108.122,117.417,119.845,2.0,1.0,64.923,64.923,68.308,1.0,2.0,26.51,26.51,27.906,1.0,6,6,3.393,5.71,7.14,2,,,,,,,,,44.414,44.414,79.587,1.0,APP,No_expl
285,2332,1,1,1,1,2,1,,,,,,,,,,,,,,,,,,,,,,,,,,,,,,,,,,,,,,,,,,,,,,,,,,,,,,,,,,,,,,5.0,26.39,135.614,136.501,13.0,3.0,14.848,84.63,88.048,24.0,3.0,24.557,92.156,94.802,7.0,2.0,31.522,64.927,65.643,6.0,3.0,295.275,320.337,321.937,6.0,3.0,2.319,18.046,20.5,7.0,7.0,2.696,68.098,68.86,13.0,4.0,2.0,5.95,28.927,29.652,10.0,7.0,1.159,29.954,30.595,6.0,7.0,1.201,4.556,5.166,4.0,1.0,0.822,91.12,91.876,8.0,4.0,2.361,5.952,6.674,4.0,,,,,,,,,,,,,,,,,,,,,,,,,,,,,,,,,,,,,,,,,,,,,,,,,,,,,,,,,,,,,,4,4,4.388,19.086,19.487,8,,,,,,,,,,,,,,,,,,,,,,,,,,,,,,,,1.0,22.177,60.287,60.935,4.0,2.0,4.129,72.214,72.687,9.0,3.0,2.0,8.582,379.935,381.566,47.0,4.0,2.322,175.201,176.136,33.0,2.0,2.37,35.493,36.329,6.0,2.0,9.268,37.823,38.848,8.0,,,,,,,,,,,,,,,,,,,,,,,,,,,,,,,,4,4,3.705,11.787,12.736,9,,,,,0.912,207.834,218.061,35.0,,,,,LMS,Graph_expl
286,2065,1,1,1,1,3,2,,,,,,,,,,,,,,,,,,,,,,,,,,,,,,,,,,,,,,,,,,,,,,,,,,,,,,,,,,,,,,5.0,1.664,201.439,218.102,9.0,3.0,3.184,67.755,70.302,4.0,2.0,5.044,69.763,71.012,4.0,2.0,17.61,24.862,38.606,3.0,3.0,2.179,38.162,39.202,4.0,3.0,9.536,11.981,15.3,3.0,2.0,6.685,46.329,51.202,4.0,4.0,2.0,2.745,38.178,62.991,7.0,7.0,50.188,57.401,75.692,3.0,7.0,2.044,11.182,14.436,3.0,4.0,11.787,49.554,59.18,3.0,4.0,13.264,15.697,20.614,2.0,,,,,,,,,,,,,,,,,,,,,,,,,,,,,,,,,,,,,,,,,,,,,,,,,,,,,,,,,,,,,,7,6,6.998,51.902,54.229,5,,,,,,,,,,,,,,,,,,,,,,,,,,,,,,,,1.0,3.802,52.384,58.623,4.0,3.0,2.958,19.96,27.128,3.0,4.0,2.0,3.57,417.723,419.803,18.0,4.0,2.817,239.893,255.553,9.0,1.0,3.784,48.735,52.166,7.0,2.0,39.234,41.293,46.963,2.0,,,,,,,,,,,,,,,,,,,,,,,,,,,,,,,,7,6,3.897,9.201,11.902,3,,,,,1.886,133.706,138.1,5.0,,,,,LMS,Text_expl
287,2113,1,1,1,1,2,2,,,,,,,,,,,,,,,,,,,,,,,,,,,,,,,,,,,,,,,,,,,,,,,,,,,,,,,,,,,,,,5.0,158.314,158.314,170.969,1.0,5.0,25.079,25.079,26.492,1.0,2.0,102.768,102.768,103.837,1.0,2.0,27.334,27.334,28.522,1.0,3.0,522.311,522.311,523.856,1.0,3.0,5.675,5.675,7.292,1.0,4.0,52.38,52.38,53.791,1.0,4.0,4.0,3.085,25.664,33.672,2.0,7.0,59.008,59.008,59.887,1.0,7.0,4.909,4.909,5.846,1.0,4.0,24.165,24.165,25.113,1.0,4.0,4.673,4.673,6.047,1.0,,,,,,,,,,,,,,,,,,,,,,,,,,,,,,,,,,,,,,,,,,,,,,,,,,,,,,,,,,,,,,5,6,8.178,15.96,16.861,3,,,,,,,,,,,,,,,,,,,,,,,,,,,,,,,,1.0,43.963,43.963,44.991,1.0,3.0,26.557,26.557,27.551,1.0,4.0,2.0,3.18,119.721,121.159,3.0,2.0,420.812,420.812,425.856,1.0,1.0,111.387,111.387,112.681,1.0,2.0,13.276,13.276,14.862,1.0,,,,,,,,,,,,,,,,,,,,,,,,,,,,,,,,6,7,3.875,6.053,10.132,2,,,,,16.092,67.068,102.651,2.0,,,,,LMS,Graph_expl
288,2307,1,1,1,1,3,2,,,,,,,,,,,,,,,,,,,,,,,,,,,,,,,,,,,,,,,,,,,,,,,,,,,,,,,,,,,,,,5.0,100.045,169.436,170.407,6.0,5.0,30.665,30.665,32.163,1.0,5.0,47.598,47.598,49.002,1.0,5.0,22.36,22.36,24.171,1.0,4.0,22.215,22.215,26.435,1.0,4.0,16.435,16.435,31.504,1.0,4.0,49.591,49.591,50.511,1.0,4.0,4.0,19.854,84.703,86.889,2.0,7.0,68.692,68.692,79.204,1.0,7.0,8.678,8.678,15.286,1.0,1.0,31.758,31.758,33.085,1.0,1.0,20.665,20.665,22.581,1.0,,,,,,,,,,,,,,,,,,,,,,,,,,,,,,,,,,,,,,,,,,,,,,,,,,,,,,,,,,,,,,5,5,5.887,18.925,29.993,3,,,,,,,,,,,,,,,,,,,,,,,,,,,,,,,,1.0,206.033,206.033,212.114,1.0,3.0,107.808,107.808,109.01,1.0,4.0,2.0,393.618,406.891,411.437,2.0,2.0,149.81,149.81,192.864,1.0,1.0,102.298,102.298,104.097,1.0,2.0,77.302,77.302,78.731,1.0,,,,,,,,,,,,,,,,,,,,,,,,,,,,,,,,5,5,6.393,8.715,9.993,2,,,,,55.659,370.508,382.089,4.0,,,,,LMS,Text_expl
289,482,1,1,1,1,2,2,,,,,,,,,,,,,,,,,,,,,,,,,,,,,,,,,,,,,,,,,,,,,,,,,,,,,,,,,,,,,,5.0,27.024,29.432,34.121,4.0,5.0,6.338,6.338,7.212,1.0,2.0,26.206,37.436,38.537,3.0,2.0,1.973,1.973,3.699,1.0,3.0,29.852,29.852,30.5,1.0,3.0,4.256,4.256,5.369,1.0,2.0,13.062,13.062,14.086,1.0,4.0,2.0,2.96,10.66,11.95,3.0,7.0,17.842,17.842,18.71,1.0,7.0,2.151,2.151,3.222,1.0,4.0,10.171,11.89,13.045,3.0,4.0,1.705,1.705,2.851,1.0,,,,,,,,,,,,,,,,,,,,,,,,,,,,,,,,,,,,,,,,,,,,,,,,,,,,,,,,,,,,,,6,6,2.806,4.728,5.521,2,,,,,,,,,,,,,,,,,,,,,,,,,,,,,,,,1.0,22.212,22.212,26.547,1.0,3.0,14.422,14.422,16.461,1.0,4.0,2.0,36.562,74.514,75.919,3.0,2.0,26.727,26.727,34.89,1.0,1.0,8.299,8.299,9.293,1.0,2.0,5.453,5.453,6.389,1.0,,,,,,,,,,,,,,,,,,,,,,,,,,,,,,,,5,5,2.544,3.992,5.063,2,,,,,11.636,11.636,58.797,1.0,,,,,LMS,No_expl
290,2601,1,1,1,1,3,2,,,,,,,,,,,,,,,,,,,,,,,,,,,,,,,,,,,,,,,,,,,,,,,,,,,,,,,,,,,,,,,,,,,,,,,,,,,,,,,,,,,,,,,,,,,,,,,,,,,,,,,,,,,,,,,,,,,,,,,,,,,2.0,428.834,428.834,430.392,1.0,2.0,15.905,39.233,40.734,2.0,3.0,82.704,82.704,84.096,1.0,7.0,8.82,8.82,10.129,1.0,1.0,111.981,111.981,112.802,1.0,4.0,3.244,4.412,4.812,2.0,6.0,71.595,71.595,72.421,1.0,4.0,6.0,17.744,23.48,25.549,2.0,7.0,98.476,98.476,99.538,1.0,5.0,3.179,3.179,3.993,1.0,3.0,78.239,78.239,79.589,1.0,1.0,3.943,3.943,4.878,1.0,5,5,4.43,7.821,8.649,2,,,,,,,,,,,,,,,,,,,,,,,,,,,,,,,,,,,,,,,,,,,,,,,,,,,,,,,,,,,,,,,3.0,126.948,126.948,129.118,1.0,6.0,75.577,82.066,83.478,3.0,3.0,2.0,380.696,385.808,386.943,2.0,3.0,46.098,289.398,291.668,13.0,2.0,89.513,89.513,90.892,1.0,2.0,28.67,28.67,36.801,1.0,6,6,3.226,4.321,5.983,2,,,,,,,,,345.734,374.749,445.752,6.0,APP,Text_expl
291,1814,1,1,1,1,1,1,,,,,,,,,,,,,,,,,,,,,,,,,,,,,,,,,,,,,,,,,,,,,,,,,,,,,,,,,,,,,,,,,,,,,,,,,,,,,,,,,,,,,,,,,,,,,,,,,,,,,,,,,,,,,,,,,,,,,,,,,,,3.0,543.65,546.08,546.692,7.0,3.0,1.837,1.837,2.427,1.0,3.0,13.357,13.357,15.427,1.0,3.0,2.08,2.08,6.926,1.0,1.0,202.776,202.776,203.439,1.0,1.0,0.942,0.942,1.532,1.0,3.0,13.532,13.532,14.018,1.0,4.0,3.0,2.681,4.697,5.597,2.0,7.0,10.816,11.337,11.87,2.0,7.0,1.083,1.083,1.562,1.0,3.0,14.47,14.947,15.63,2.0,3.0,1.489,1.489,2.031,1.0,6,7,2.442,6.021,7.801,4,,,,,,,,,,,,,,,,,,,,,,,,,,,,,,,,,,,,,,,,,,,,,,,,,,,,,,,,,,,,,,,3.0,139.563,139.563,140.175,1.0,6.0,8.264,8.906,9.132,2.0,2.0,2.0,47.885,56.504,58.376,2.0,4.0,20.854,20.854,22.944,1.0,1.0,1.881,11.724,12.029,3.0,2.0,53.474,54.731,55.083,2.0,7,7,231.322,232.253,232.74,2,,,,,,,,,22.577,22.577,23.964,1.0,APP,No_expl
292,3031,1,1,1,1,4,2,,,,,,,,,,,,,,,,,,,,,,,,,,,,,,,,,,,,,,,,,,,,,,,,,,,,,,,,,,,,,,,,,,,,,,,,,,,,,,,,,,,,,,,,,,,,,,,,,,,,,,,,,,,,,,,,,,,,,,,,,,,3.0,97.282,256.195,257.235,8.0,3.0,11.546,12.554,13.908,2.0,3.0,30.462,137.528,138.408,4.0,3.0,13.175,16.63,17.353,3.0,1.0,18.167,137.767,138.711,5.0,1.0,8.314,10.417,11.371,3.0,6.0,14.288,121.521,122.407,5.0,4.0,6.0,6.347,85.417,86.605,6.0,7.0,11.675,100.319,101.938,4.0,7.0,3.784,5.137,6.511,2.0,1.0,10.751,102.284,103.338,6.0,3.0,8.073,10.201,10.912,3.0,6,6,4.805,32.921,33.875,7,,,,,,,,,,,,,,,,,,,,,,,,,,,,,,,,,,,,,,,,,,,,,,,,,,,,,,,,,,,,,,,3.0,13.439,95.036,95.902,4.0,6.0,8.978,94.774,97.974,4.0,2.0,2.0,41.002,780.095,781.382,9.0,4.0,142.108,262.292,263.313,5.0,1.0,16.898,100.919,102.277,5.0,2.0,66.037,89.578,90.663,3.0,6,6,6.995,12.418,13.65,4,,,,,,,,,36.822,402.989,403.971,15.0,APP,No_expl
293,3401,1,1,1,1,2,1,,,,,,,,,,,,,,,,,,,,,,,,,,,,,,,,,,,,,,,,,,,,,,,,,,,,,,,,,,,,,,5.0,105.262,105.262,108.104,1.0,3.0,14.738,14.738,16.278,1.0,5.0,52.396,52.396,54.613,1.0,5.0,14.001,14.001,17.283,1.0,4.0,46.583,46.583,48.109,1.0,4.0,8.444,8.444,11.695,1.0,4.0,20.167,20.167,21.374,1.0,4.0,4.0,1798.426,2509.042,2511.268,5.0,7.0,37.453,37.453,38.619,1.0,7.0,7.354,7.354,8.278,1.0,1.0,100.646,100.646,101.784,1.0,1.0,3.038,3.038,4.288,1.0,,,,,,,,,,,,,,,,,,,,,,,,,,,,,,,,,,,,,,,,,,,,,,,,,,,,,,,,,,,,,,5,3,12.749,15.924,17.052,2,,,,,,,,,,,,,,,,,,,,,,,,,,,,,,,,7.0,21.171,21.171,22.483,1.0,4.0,19.831,19.831,21.278,1.0,3.0,2.0,54.936,76.324,77.312,2.0,3.0,16.903,16.903,19.071,1.0,1.0,72.027,73.345,73.978,2.0,2.0,6.092,6.092,7.548,1.0,,,,,,,,,,,,,,,,,,,,,,,,,,,,,,,,1,3,7.139,15.002,16.038,4,,,,,71.527,71.527,85.845,1.0,,,,,LMS,Text_expl
294,664,1,1,1,1,2,2,,,,,,,,,,,,,,,,,,,,,,,,,,,,,,,,,,,,,,,,,,,,,,,,,,,,,,,,,,,,,,3.0,8.465,8.465,9.17,1.0,3.0,1.361,1.361,2.329,1.0,5.0,14.732,14.732,15.344,1.0,5.0,1.865,1.865,2.904,1.0,4.0,4.508,4.508,9.866,1.0,4.0,1.262,1.262,2.169,1.0,4.0,3.332,13.302,15.48,2.0,4.0,4.0,19.818,28.946,29.807,2.0,7.0,13.778,13.778,15.42,1.0,7.0,1.473,1.692,2.665,2.0,1.0,10.69,10.69,11.553,1.0,1.0,0.6,0.6,1.534,1.0,,,,,,,,,,,,,,,,,,,,,,,,,,,,,,,,,,,,,,,,,,,,,,,,,,,,,,,,,,,,,,7,7,1.488,1.845,2.595,2,,,,,,,,,,,,,,,,,,,,,,,,,,,,,,,,1.0,18.955,19.704,20.633,2.0,3.0,8.579,8.579,10.269,1.0,4.0,2.0,14.442,16.142,17.032,2.0,2.0,23.852,23.852,25.539,1.0,1.0,2.819,2.819,4.366,1.0,2.0,1.587,1.587,2.625,1.0,,,,,,,,,,,,,,,,,,,,,,,,,,,,,,,,7,7,1.42,2.042,2.611,2,,,,,351.207,395.853,410.671,3.0,,,,,LMS,Text_expl
295,874,1,1,1,1,2,1,,,,,,,,,,,,,,,,,,,,,,,,,,,,,,,,,,,,,,,,,,,,,,,,,,,,,,,,,,,,,,5.0,57.035,57.035,58.568,1.0,3.0,56.124,56.124,57.162,1.0,3.0,29.454,29.454,30.729,1.0,2.0,12.687,12.687,14.076,1.0,3.0,34.199,34.199,36.421,1.0,3.0,3.922,3.922,5.39,1.0,2.0,15.002,15.002,25.086,1.0,4.0,2.0,9.734,25.465,27.708,3.0,7.0,14.313,14.313,15.14,1.0,7.0,5.671,5.671,7.283,1.0,4.0,29.886,29.886,30.572,1.0,4.0,9.287,9.287,10.849,1.0,,,,,,,,,,,,,,,,,,,,,,,,,,,,,,,,,,,,,,,,,,,,,,,,,,,,,,,,,,,,,,6,6,4.584,9.129,10.101,4,,,,,,,,,,,,,,,,,,,,,,,,,,,,,,,,1.0,17.906,17.906,20.417,1.0,3.0,19.158,19.158,22.141,1.0,4.0,2.0,13.542,145.646,148.03,2.0,2.0,74.995,74.995,76.75,1.0,1.0,20.824,20.824,22.218,1.0,2.0,23.283,23.283,24.812,1.0,,,,,,,,,,,,,,,,,,,,,,,,,,,,,,,,6,6,2.928,4.118,4.883,2,,,,,27.909,64.587,80.643,8.0,,,,,LMS,Text_expl
296,854,1,1,1,1,1,2,,,,,,,,,,,,,,,,,,,,,,,,,,,,,,,,,,,,,,,,,,,,,,,,,,,,,,,,,,,,,,6.0,7.374,8.012,8.2,2.0,3.0,13.829,13.829,14.602,1.0,2.0,9.032,221.887,222.758,3.0,2.0,2.368,3.299,4.092,2.0,3.0,17.999,18.857,19.082,2.0,3.0,2.104,2.104,3.215,1.0,2.0,9.386,9.386,10.263,1.0,4.0,2.0,4.168,6.761,7.619,3.0,5.0,9.42,9.999,10.336,2.0,7.0,23.302,24.164,24.558,2.0,4.0,11.592,11.885,12.602,2.0,4.0,1.419,2.131,2.445,2.0,,,,,,,,,,,,,,,,,,,,,,,,,,,,,,,,,,,,,,,,,,,,,,,,,,,,,,,,,,,,,,5,6,2.096,5.705,6.699,6,,,,,,,,,,,,,,,,,,,,,,,,,,,,,,,,1.0,12.449,12.449,13.098,1.0,3.0,8.145,8.984,9.2,2.0,4.0,2.0,91.552,97.26,98.122,2.0,2.0,77.389,77.389,79.291,1.0,1.0,1.237,1.237,4.924,1.0,2.0,2.451,2.451,3.281,1.0,,,,,,,,,,,,,,,,,,,,,,,,,,,,,,,,6,7,2.624,7.281,8.06,5,,,,,2.395,2.395,259.911,1.0,,,,,LMS,No_expl
297,4022,1,1,1,1,1,1,,,,,,,,,,,,,,,,,,,,,,,,,,,,,,,,,,,,,,,,,,,,,,,,,,,,,,,,,,,,,,5.0,314.84,314.84,316.457,1.0,1.0,207.741,207.741,208.904,1.0,5.0,188.645,188.645,189.785,1.0,6.0,177.306,177.306,179.324,1.0,4.0,124.647,124.647,125.869,1.0,5.0,119.298,119.298,120.366,1.0,4.0,100.212,100.212,101.544,1.0,4.0,1.0,264.739,304.882,306.746,2.0,7.0,277.987,277.987,278.953,1.0,4.0,71.711,71.711,72.875,1.0,1.0,70.602,70.602,72.126,1.0,5.0,39.543,39.543,40.925,1.0,,,,,,,,,,,,,,,,,,,,,,,,,,,,,,,,,,,,,,,,,,,,,,,,,,,,,,,,,,,,,,6,5,15.23,21.102,22.585,2,,,,,,,,,,,,,,,,,,,,,,,,,,,,,,,,2.0,140.214,140.214,141.109,1.0,7.0,64.295,64.295,65.054,1.0,4.0,2.0,364.771,441.714,450.552,3.0,2.0,297.026,391.177,395.126,2.0,1.0,76.365,76.365,77.569,1.0,2.0,17.355,17.355,18.614,1.0,,,,,,,,,,,,,,,,,,,,,,,,,,,,,,,,5,5,4.123,5.98,7.376,2,,,,,327.061,327.061,366.795,1.0,,,,,LMS,Graph_expl
298,1840,1,1,1,1,3,1,,,,,,,,,,,,,,,,,,,,,,,,,,,,,,,,,,,,,,,,,,,,,,,,,,,,,,,,,,,,,,5.0,102.424,102.424,104.303,1.0,3.0,138.154,138.154,139.937,1.0,2.0,57.184,57.184,58.46,1.0,2.0,18.443,18.443,23.886,1.0,3.0,38.253,38.253,39.735,1.0,3.0,17.071,17.11,18.998,2.0,2.0,26.64,26.68,28.69,2.0,4.0,2.0,11.071,32.057,34.365,3.0,7.0,27.867,27.867,30.045,1.0,7.0,24.908,24.908,26.554,1.0,4.0,50.164,50.164,52.59,1.0,4.0,14.135,14.174,16.633,2.0,,,,,,,,,,,,,,,,,,,,,,,,,,,,,,,,,,,,,,,,,,,,,,,,,,,,,,,,,,,,,,7,7,6.678,11.632,12.857,2,,,,,,,,,,,,,,,,,,,,,,,,,,,,,,,,1.0,46.511,46.552,48.3,2.0,3.0,26.423,26.423,28.993,1.0,4.0,2.0,87.253,229.392,268.567,2.0,2.0,108.95,108.99,112.473,2.0,1.0,26.109,26.109,38.659,1.0,2.0,25.461,25.461,27.246,1.0,,,,,,,,,,,,,,,,,,,,,,,,,,,,,,,,7,7,5.859,11.333,12.381,3,,,,,49.249,239.969,242.719,10.0,,,,,LMS,Graph_expl
299,1019,1,1,1,1,2,1,,,,,,,,,,,,,,,,,,,,,,,,,,,,,,,,,,,,,,,,,,,,,,,,,,,,,,,,,,,,,,5.0,125.453,125.453,126.969,1.0,5.0,47.919,115.554,116.09,3.0,5.0,59.469,59.469,60.315,1.0,2.0,11.668,11.668,12.73,1.0,3.0,32.118,32.118,33.476,1.0,3.0,6.298,6.298,7.592,1.0,2.0,13.475,13.985,15.539,2.0,4.0,2.0,15.0,23.224,24.269,4.0,7.0,31.132,31.132,31.8,1.0,7.0,8.488,8.488,9.468,1.0,4.0,13.391,13.391,14.388,1.0,4.0,3.864,3.864,4.6,1.0,,,,,,,,,,,,,,,,,,,,,,,,,,,,,,,,,,,,,,,,,,,,,,,,,,,,,,,,,,,,,,6,6,3.821,10.2,11.095,3,,,,,,,,,,,,,,,,,,,,,,,,,,,,,,,,1.0,23.93,23.93,24.7,1.0,3.0,16.192,16.192,17.522,1.0,3.0,2.0,111.691,189.377,190.629,2.0,2.0,72.699,72.699,104.146,1.0,1.0,20.783,20.783,21.783,1.0,2.0,7.658,7.658,10.81,1.0,,,,,,,,,,,,,,,,,,,,,,,,,,,,,,,,6,6,10.946,14.123,14.899,2,,,,,34.146,34.146,68.489,1.0,,,,,LMS,Graph_expl
300,2924,1,1,1,1,2,2,,,,,,,,,,,,,,,,,,,,,,,,,,,,,,,,,,,,,,,,,,,,,,,,,,,,,,,,,,,,,,5.0,53.803,310.108,311.519,15.0,5.0,100.167,104.687,106.915,2.0,5.0,133.396,133.396,137.358,1.0,5.0,35.805,35.805,37.893,1.0,4.0,57.111,57.111,75.699,1.0,4.0,52.957,52.957,55.865,1.0,4.0,133.218,133.218,134.749,1.0,4.0,4.0,19.146,45.034,66.405,2.0,1.0,136.934,136.934,138.385,1.0,7.0,300.108,300.108,309.063,1.0,1.0,52.102,52.102,94.145,1.0,1.0,29.381,56.981,69.808,4.0,,,,,,,,,,,,,,,,,,,,,,,,,,,,,,,,,,,,,,,,,,,,,,,,,,,,,,,,,,,,,,4,4,19.808,258.273,264.203,4,,,,,,,,,,,,,,,,,,,,,,,,,,,,,,,,1.0,154.977,154.977,179.9,1.0,3.0,26.031,26.031,48.369,1.0,4.0,2.0,91.543,314.406,350.85,3.0,2.0,61.504,61.504,74.755,1.0,1.0,23.81,23.81,24.868,1.0,2.0,12.82,12.82,14.447,1.0,,,,,,,,,,,,,,,,,,,,,,,,,,,,,,,,6,6,9.001,14.602,15.589,2,,,,,42.867,91.362,93.67,6.0,,,,,LMS,No_expl
301,1886,1,1,1,1,2,2,,,,,,,,,,,,,,,,,,,,,,,,,,,,,,,,,,,,,,,,,,,,,,,,,,,,,,,,,,,,,,,,,,,,,,,,,,,,,,,,,,,,,,,,,,,,,,,,,,,,,,,,,,,,,,,,,,,,,,,,,,,3.0,494.978,494.978,495.853,1.0,3.0,176.889,176.889,177.988,1.0,7.0,233.808,233.808,235.138,1.0,3.0,43.308,43.308,44.582,1.0,7.0,203.971,203.971,205.893,1.0,1.0,6.375,6.375,7.59,1.0,1.0,19.222,19.222,20.553,1.0,4.0,3.0,3.68,14.382,15.32,3.0,7.0,5.035,5.035,6.662,1.0,7.0,5.681,5.681,13.46,1.0,1.0,29.534,29.534,30.832,1.0,3.0,4.715,4.715,5.995,1.0,5,6,5.771,9.843,10.573,2,,,,,,,,,,,,,,,,,,,,,,,,,,,,,,,,,,,,,,,,,,,,,,,,,,,,,,,,,,,,,,,3.0,63.339,63.339,64.759,1.0,6.0,75.198,75.198,76.296,1.0,4.0,2.0,23.166,29.871,31.29,2.0,2.0,21.19,21.19,22.497,1.0,1.0,52.485,52.485,53.399,1.0,1.0,114.387,114.387,115.491,1.0,5,5,8.984,9.579,10.25,2,,,,,,,,,12.178,59.188,60.855,2.0,APP,Text_expl
302,1645,1,1,1,1,1,2,,,,,,,,,,,,,,,,,,,,,,,,,,,,,,,,,,,,,,,,,,,,,,,,,,,,,,,,,,,,,,3.0,269.453,270.769,272.482,2.0,3.0,15.696,16.45,18.832,2.0,2.0,76.364,77.278,79.068,2.0,2.0,10.78,11.851,14.238,2.0,3.0,76.123,76.937,78.975,2.0,3.0,11.9,11.9,14.25,1.0,2.0,84.148,84.148,87.985,1.0,4.0,2.0,12.711,20.557,25.52,3.0,7.0,55.613,55.613,57.313,1.0,7.0,6.475,7.675,9.271,2.0,4.0,24.553,24.553,27.19,1.0,4.0,5.674,6.597,9.625,2.0,,,,,,,,,,,,,,,,,,,,,,,,,,,,,,,,,,,,,,,,,,,,,,,,,,,,,,,,,,,,,,6,6,6.2,12.613,14.047,3,,,,,,,,,,,,,,,,,,,,,,,,,,,,,,,,1.0,37.928,37.928,49.881,1.0,3.0,38.329,38.329,40.099,1.0,4.0,2.0,114.5,128.724,140.608,3.0,2.0,115.779,117.593,119.833,2.0,1.0,24.985,24.985,27.975,1.0,2.0,26.447,26.447,28.737,1.0,,,,,,,,,,,,,,,,,,,,,,,,,,,,,,,,6,6,5.029,8.381,9.71,2,,,,,120.647,120.647,242.749,1.0,,,,,LMS,No_expl
303,3098,1,1,1,1,1,1,,,,,,,,,,,,,,,,,,,,,,,,,,,,,,,,,,,,,,,,,,,,,,,,,,,,,,,,,,,,,,,,,,,,,,,,,,,,,,,,,,,,,,,,,,,,,,,,,,,,,,,,,,,,,,,,,,,,,,,,,,,3.0,252.67,255.558,257.427,2.0,3.0,6.64,94.771,96.202,2.0,7.0,84.635,193.0,195.428,4.0,3.0,6.434,131.909,133.0,7.0,1.0,105.128,105.128,106.255,1.0,1.0,3.729,3.729,6.097,1.0,3.0,46.481,46.481,48.535,1.0,4.0,3.0,13.029,21.67,22.974,2.0,7.0,85.461,85.461,86.504,1.0,7.0,4.429,4.429,5.9,1.0,3.0,142.337,142.337,143.712,1.0,3.0,7.748,7.748,9.748,1.0,7,6,40.874,53.508,54.707,2,,,,,,,,,,,,,,,,,,,,,,,,,,,,,,,,,,,,,,,,,,,,,,,,,,,,,,,,,,,,,,,3.0,114.322,114.322,115.4,1.0,6.0,112.948,112.948,114.235,1.0,2.0,2.0,368.775,440.895,444.265,6.0,4.0,7.896,148.611,150.074,7.0,1.0,84.805,84.805,85.989,1.0,2.0,52.609,52.609,54.512,1.0,7,6,13.817,42.262,43.84,4,,,,,,,,,52.873,259.558,262.46,8.0,APP,No_expl
304,2555,1,1,1,1,2,2,,,,,,,,,,,,,,,,,,,,,,,,,,,,,,,,,,,,,,,,,,,,,,,,,,,,,,,,,,,,,,,,,,,,,,,,,,,,,,,,,,,,,,,,,,,,,,,,,,,,,,,,,,,,,,,,,,,,,,,,,,,3.0,1.225,343.192,344.263,73.0,2.0,5.646,106.688,107.33,11.0,7.0,1.009,240.416,241.769,39.0,7.0,3.064,16.407,16.8,10.0,1.0,1.161,194.803,197.243,28.0,6.0,8.384,106.076,106.785,16.0,6.0,1.201,110.067,110.652,20.0,4.0,7.0,2.41,36.632,37.252,16.0,7.0,21.585,202.151,202.801,20.0,2.0,1.598,46.444,47.169,16.0,1.0,0.47,82.1,82.989,20.0,1.0,1.294,10.238,10.958,9.0,5,4,5.564,16.633,17.422,15,,,,,,,,,,,,,,,,,,,,,,,,,,,,,,,,,,,,,,,,,,,,,,,,,,,,,,,,,,,,,,,3.0,4.414,83.537,84.545,7.0,6.0,1.626,87.262,88.201,7.0,2.0,2.0,6.722,195.622,197.879,33.0,4.0,6.544,32.467,33.154,16.0,2.0,2.139,115.126,116.063,13.0,1.0,1.278,10.53,11.237,5.0,4,5,6.146,17.646,18.483,15,,,,,,,,,3.2,55.349,115.701,27.0,APP,No_expl
305,1616,1,1,1,1,3,2,,,,,,,,,,,,,,,,,,,,,,,,,,,,,,,,,,,,,,,,,,,,,,,,,,,,,,,,,,,,,,,,,,,,,,,,,,,,,,,,,,,,,,,,,,,,,,,,,,,,,,,,,,,,,,,,,,,,,,,,,,,3.0,136.117,136.117,138.097,1.0,3.0,13.849,13.849,17.382,1.0,7.0,57.505,109.839,112.726,2.0,7.0,18.083,18.083,21.039,1.0,1.0,67.632,67.632,72.022,1.0,1.0,5.654,5.654,7.049,1.0,6.0,34.044,34.044,36.296,1.0,4.0,6.0,26.344,48.16,50.492,2.0,7.0,60.916,60.916,62.545,1.0,7.0,6.073,6.073,11.837,1.0,3.0,59.927,59.927,62.052,1.0,3.0,3.96,3.96,5.101,1.0,6,6,9.077,19.67,21.242,4,,,,,,,,,,,,,,,,,,,,,,,,,,,,,,,,,,,,,,,,,,,,,,,,,,,,,,,,,,,,,,,3.0,43.779,43.779,46.095,1.0,6.0,36.29,36.29,40.605,1.0,2.0,2.0,283.551,307.039,309.5,2.0,4.0,92.5,113.371,117.847,2.0,1.0,73.006,73.006,74.65,1.0,2.0,42.934,42.934,43.946,1.0,5,5,5.364,8.47,10.864,2,,,,,,,,,91.814,140.767,165.703,2.0,APP,No_expl
